Workbook
Name codes: Specifications!$A$4:$A$5
Name list: [1]Specifications!$A$11:$A$13
Name list: [1]Specifications!$A$11:$A$13
Name list: [2]Specifications!$A$11:$A$13
Name list: Specifications!$A$11:$A$25
Name NAcheck: '[3]Reference - DO NOT PRINT'!$B$27:$B$29
Name NALFI: '[3]Reference - DO NOT PRINT'!$B$32:$B$34
Name NANCR: '[4]Reference - DO NOT PRINT'!$B$6:$B$8
Name NPR: '[3]Reference - DO NOT PRINT'!$B$51:$B$53
Name passfail: '[3]Reference - DO NOT PRINT'!$B$2:$B$4
Name pm: '[3]Reference - DO NOT PRINT'!$B$41:$B$43
Name PRF: '[3]Reference - DO NOT PRINT'!$B$36:$B$39
Name STcheck: '[3]Reference - DO NOT PRINT'!$B$46:$B$48
Name yn: '[3]Reference - DO NOT PRINT'!$B$10:$B$13
Name ynrsr: '[3]Reference - DO NOT PRINT'!$B$16:$B$19

Sheet Intended Use
A1: Intended Use
A2: This worksheet is associated with MTB Ultra V2 Product QC Testing Procedure (D25862).
A4: Fields in blue must be input electronically.
A5: Fields in green may be entered manually.
A6: Fields in yellow perform calculations.
A9: Mean Ct Evaluation
A10: This tab calculates the mean Ct for SPC and the mean IS1081-IS6110 Ct from Negative samples. It will calculate the mean Ct and mean TM for IS1081-IS6110, rpo1, rpo2, rpo4 from Sample Type 1 as well as the mean Ct and mean TM for IS1081-IS6110, rpo1, rpo2, rpo3, rpo4 from Sample Type 2 and compares them to specifications on "Specifications" tab. Failing results are highlighted in RED.
A11: This tab performs the same calculations for the "First 10" results | N11: Table of Tabs to Print-SV only
A12: Vacuum Seal Data | N12: Tab | O12: Print or Not Print
A13: This tab is used to record and evaluate the Vacuum Seal Test data from ROBAL in-process testing. | N13: Intended Use | O13: Do NOT print
B14: Column A | N14: Mean Ct Evaluation | O14: Print
B15: Enumerates the sampled cartridges. | N15: Vacuum Seal Data | O15: Print
N16: Test Summary | O16: Print
B17: Column B | N17: Data Summary | O17: Print
B18: Records the Cartridge ID. | N18: Data- First 10 | O18: Print
N19: Data- Sample Type 0 | O19: Print
B20: Column C | N20: Data- Sample Type 1 | O20: Print
B21: Records the results of seal test. | N21: Data- Sample Type 2 | O21: Print
B22: Valid entries are: | N22: Data- Replaced | O22: Print
C23: "P" | N23: Statistical Process Control | O23: Print
C24: "F" | N24: Resample Vacuum Seal Data | O24: Print if applicable
C25: "N" | N25: Resample Mean Ct Evaluation | O25: Print if applicable
N26: Resample Data Summary | O26: Print if applicable
B27: Column D | N27: Data- Resample Replaced | O27: Print if applicable
B28: Calculates the results of seal test. | N28: Specifications | O28: Do NOT print
B29: The result is "NA" if the test replicate was not tested or does not apply. | N29: HistoricalAccuStats | O29: Do NOT print
B30: The results of the calculations are used as a counter for internal worksheet purposes. | N30: For Reference Only | O30: Do NOT print
A31: Test Summary
A32: B3 | B32: Select Catalog Number from pull down menu
A33: B4 | B33: Enter lot number (without leading 0)
A34: Row 9 and 11 | B34: Enter Control lot number
A35: Row 15-16 | B35: Enter pipet information
A36: Row 18-21 | B36: Enter GeneXpert information
A37: P18 | B37: Enter bags tested using infinity
A39: A23-G32 | B39: Table 4
B40: column C | C40: Counts individual error types from data summary tab
B41: column D | C41: Compares number of failures to pass/resample criteria (N>4 resample)
B42: column E | C42: Counts individual error types from resample data summary tab
B43: coulmn F | C43: Compares number of failures to pass/resample criteria (N>10 resample)
A44: C34 | B44: Counts the max count for Single Minor Failure
A45: C36 | B45: Max allowable failure per n=210
A46: C34 | B46: Counts the max count for Single Minor Failure for Resample Data
A47: C36 | B47: Max allowable failure per n=410
A49: I23-K26 | B49: Table 5
A50: K24 | B50: Manually enter number of failures for Minor Visual Failure
A51: K25 | B51: Manually enter number of failures for Major Visual Failure
A52: K26 | B52: Manually enter number of failures for Delamination
A54: I29-M33 | B54: Table 6
A55: L31 | B55: Counts number of False Negs for original Data
A56: M31 | B56: Counts number of False Negs for Resample Data
A57: L32 | B57: Counts number of False Pos for original Data
... A62: Row 40-49 | B62: Table 7
B63: Column D | C63: Rows 41-42 | D63: Counts number of replicates and valid replicates from Data Summary and Replaced Data tabs
C64: Row 43 | D64: Counts total number of minor failures from data summary (pressure and minor visual failures) and table 4 (for other minors)
C65: Row 44 | D65: Calculates total number of major failures from rows 35 and 36
C66: Row 45 | D66: Calculates total number of failures from rows 34 and 37
B67: Column E | C67: Acceptance Criteria per Specifications tab
B68: Column F | C68: Rows 44-45 | D68: Evaluates number of failures against limits on the specifications tab
B69: Column H (For Resample Data ) | C69: Rows 41-42 | D69: Counts number of replicates and valid replicates from Data Summary and Replaced Data tabs
C70: Row 43 | D70: Counts total number of minor failures from data summary (pressure and minor visual failures) and table 4 (for other minors)
C71: Row 44 | D71: Calculates total number of major failures from rows 35 and 36
C72: Row 45 | D72: Calculates total number of failures from rows 34 and 37
B73: Column J | C73: Row 44 | D73: Calculates combined failures for original and resample
B74: Column K | C74: Rows 44-45 | D74: Evaluates number of failures against limits on the specifications tab
A76: D48 | B76: Calculates overall result using table 4, table 5 and table 6
A77: H48 | B77: Pull down menu for NCR number if applicable
A78: H49 | B78: Pull down menu for LFI number if applicable
A80: Data Summary
A81: Rows 2-4 | B81: Lot information pulled from Test Summary and Specifications tabs
A82: D6 | B82: Counts number of replicates in Rows 9-18
A83: E6 | B83: Compares Number of replicates to Specifications
A84: B7 | B84: Compares the lot number from Row 3 with the Data - First 10 tab (all replicates must match)
A85: D7 | B85: Compares Assay name from C4 with the Data - First 10 tab (all replicates must match)
A87: Rows 10-19 | B87: Column A | C87: Pulls Sample ID from Data - First 10 tab
B88: Column B | C88: Pulls Test Result from Data - First 10 tab
B89: Column C | C89: Evaluates the result in column B and Data - First 10 tab in the following order;
D90: Found | F90: Report | H90: Uses Conditional formatting
D91: Blank Cell | F91: Blank | H91: Green | I91: Pass
D92: Error Code Present | F92: Error Text | H92: Yellow | I92: Minor Failure or Data Entry Error
D93: Invalid | F93: Invalid | H93: Red | I93: Major Failure
D94: If S | F94: Seal Test Fail
D95: If V | F95: Minor Visual
D96: If M | F96: Major Visual
D97: if B | F97: Barcode Fail
D98: if D | F98: Delamination
D99: Text not recognized | F99: Data Entry Error
D100: Correct Test Result | F100: Pass
D101: Incorrect Test Result | F101: Major Functional
B102: Column D | C102: Evaluates maximum pressure from Data - First 10 tab versus limit in Specifications tab
D103: Uses Conditional formatting
D104: Green | E104: Pass
D105: Yellow | E105: N/A
D106: Red | E106: Fail
B108: Column E | C108: Comment either with pull down menu or free text
A110: D21 | B110: Counts number of replicates in Rows 23-122
A111: B22 | B111: Compares the lot number from Row 3 with the Data - Sample Type 0 tab (all replicates must match)
A112: D22 | B112: Compares Assay name from C4 with the Data - Sample Type 0 tab (all replicates must match)
A114: Rows 25-124 | B114: Column A | C114: Pulls Sample ID from Data - Sample Type 0 tab
B115: Column B | C115: Pulls Test Result from Data - Sample Type 0 tab
B116: Column C | C116: Evaluates the result in column B and Data - Sample Type 0 tab in the following order;
...

Sheet Test Summary
A1: Product QC Testing Summary
A3: Product Catalog/Part No.: | B3: GXMTBRIFULTRA50 | E3: (Select using drop-down menu.) | H3: Type of Resample | J3: NA
A4: Cartridge No. (LSP) | B4: 92303 | E4: Expiration Date | G4: 46488
A6: Table 1; Test and Control Material Information
A7: TB1081-MDR2 Cells | C7: TET Buffer | E7: Sample Reagent | H7: Sample Reagent
A8: Part No.* | B8: Lot No. | C8: Part No.* | D8: Lot No. | E8: Part No.* | F8: Lot No. | G8: Bag # | H8: Part No.* | I8: Lot No. | J8: Bag #
A9: 001-1923 | B9: C15NOV23D | C9: 500-1315 or 500-0995 | D9: 1001500034 | E9: 500-2095, 500-2290, 500-2608, 700-5208, 700-6052 or 700-9287,700-8870 | F9: 1001499559 | G9: 00+05-10+TBWT | H9: 500-2095, 500-2290, 500-2608, 700-5208, 700-6052 or 700-9287,700-8870 | I9: 1001502674 | J9: 01-02
A10: TBWT Cells | E10: Sample Reagent | H10: Sample Reagent
A11: Part No.* | B11: Lot No. | E11: Part No.* | F11: Lot No. | G11: Bag # | H11: Part No.* | I11: Lot No. | J11: Bag #
A12: 001-1968 | B12: B01NOV24D | E12: 500-2095, 500-2290, 500-2608, 700-5208, 700-6052 or 700-9287,700-8870 | F12: 1001501891 | G12: 03-04 | H12: 500-2095, 500-2290, 500-2608, 700-5208, 700-6052 or 700-9287,700-8870 | I12: N/A | J12: N/A
A13: * Circle one, if more than 1 option is displayed.
A14: Table 2; Pipette Information
A15: Cepheid ID | B15: Nr. 35 | D15: Nr. 21 | F15: Nr. 22 | H15: N/A | J15: N/A | L15: N/A
A16: Calibration Due Date | B16: 45986 | D16: 46016 | F16: 46047 | H16: N/A | J16: N/A | L16: N/A
A17: Table 3; GeneXperts Used:
A18: Cepheid ID | B18: Infinity-I | D18: Infinity-V | F18: Infinity-VIII | H18: Infinity-VI | J18: N/A | L18: N/A | O18: Bag #s Tested on Inifinity | P18: N/A
A19: Calibration Due Date | B19: Dec-25 | D19: 46023 | F19: 46023 | H19: 45986 | J19: N/A | L19: N/A
A20: Cepheid ID | B20: N/A | D20: N/A | F20: N/A | H20: N/A | J20: N/A | L20: N/A
A21: Calibration Due Date | B21: N/A | D21: N/A | F21: N/A | H21: N/A | J21: N/A | L21: N/A
A22: Table 4: Single Minor Failure Mode: | I22: Table 5: Visual and Delamination Resample Results
A23: Type | C23: Original Count | D23: Result | E23: Resample Count | F23: Final Count | G23: Result | I23: Type | K23: Resample Count
A24: Invalid (w/o error code) and SPC Ct=0 | C24: =IF($B$3="","",COUNTIF('Data Summary'!$C2:$C234,"INVALID")+COUNTIF('Data Summary'!$C2:$C234,"SPC CT=0")) -> 1 | D24: =IF($B$3="","",IF(C24>Specifications!$E$5,"Resample","Pass")) -> Pass | E24: =IF($J$3="","",IF($J$3="Visual Only Resample","NA",IF($J$3="Delam and Visual Resample","NA",IF($J$3="NA","NA",(COUNTIF('Resample Data Summary'!$C8:$C234,"INVALID")+COUNTIF('Resample Data Summary'!$C8:$C234,"SPC CT=0")))))) -> NA | F24: =IF($J$3="","",IF($J$3="Visual Only Resample","NA",IF($J$3="Delam and Visual Resample","NA",IF($J$3="NA","NA",(SUM(E24+C24)))))) -> NA | G24: =IF(J3="","",IF(E24="NA","NA",IF((C24+E24)>Specifications!E6,"Fail","Pass"))) -> NA | I24: Minor Visual Failure | K24: N/A
A25: Curve Fit Error | C25: =IF($B$3="","",COUNTIF('Data Summary'!$C2:$C234, "Error 5001:*") +COUNTIF('Data Summary'!$C2:$C234, "Error 5002:*")+COUNTIF( 'Data Summary'!$C2:$C234, "Error 5003:*")+COUNTIF('Data Summary'!$C2:$C234, "Error 5004:*")+COUNTIF('Data Summary'!$C2:$C234, "Error 5005:*")+COUNTIF('Data Summary'!$C2:$C234, "Error 5015:*")+COUNTIF('Data Summary'!$C2:$C234, "Error 5016:*")) -> 0 | D25: =IF($B$3="","",IF(C25>Specifications!$E$5,"Resample","Pass")) -> Pass | E25: =IF($J$3="","",IF($J$3="Visual Only Resample","NA",IF($J$3="Delam and Visual Resample","NA",IF($J$3="NA","NA",(COUNTIF('Resample Data Summary'!$C2:$C234,"Error 5001:*")+COUNTIF('Resample Data Summary'!$C2:$C234,"Error 5002:*")+COUNTIF('Resample Data Summary'!$C2:$C234,"Error 5003:*")+COUNTIF('Resample Data Summary'!$C2:$C234,"Error 5004:*")+COUNTIF('Resample Data Summary'!$C2:$C234,"Error 5005:*")+COUNTIF('Resample Data Summary'!$C2:$C234,"Error 5015:*")+COUNTIF('Resample Data Summary'!$C2:$C234,"Error 5016:*")))))) -> NA | F25: =IF($J$3="","",IF($J$3="Visual Only Resample","NA",IF($J$3="Delam and Visual Resample","NA",IF($J$3="NA","NA",(SUM(E25+C25)))))) -> NA | G25: =IF(J3="","",IF(E25="NA","NA",IF((C25+E25)>Specifications!E6,"Fail","Pass"))) -> NA | I25: Major Visual Failure | K25: N/A
A26: Probe Check Low | C26: =IF($B$3="","",COUNTIF('Data Summary'!$C2:$C234, "Error 5007:*") +COUNTIF('Data Summary'!$C2:$C234, "Error 5017:*")+COUNTIF( 'Data Summary'!$C2:$C234, "Error 5019:*")) -> 1 | D26: =IF($B$3="","",IF(C26>Specifications!$E$5,"Resample","Pass")) -> Pass | E26: =IF($J$3="","",IF($J$3="Visual Only Resample","NA",IF($J$3="Delam and Visual Resample","NA",IF($J$3="NA","NA",(COUNTIF('Resample Data Summary'!$C2:$C234,"Error 5007:*")+COUNTIF('Resample Data Summary'!$C2:$C234,"Error 5017:*")+COUNTIF('Resample Data Summary'!$C2:$C234,"Error 5019:*")))))) -> NA | F26: =IF($J$3="","",IF($J$3="Visual Only Resample","NA",IF($J$3="Delam and Visual Resample","NA",IF($J$3="NA","NA",(SUM(E26+C26)))))) -> NA | G26: =IF(J3="","",IF(E26="NA","NA",IF((C26+E26)>Specifications!E6,"Fail","Pass"))) -> NA | I26: Delamination | K26: N/A
A27: Probe Check High | C27: =IF($B$3="","",COUNTIF('Data Summary'!$C2:$C234, "Error 5006:*") +COUNTIF('Data Summary'!$C2:$C234, "Error 5018:*")) -> 1 | D27: =IF($B$3="","",IF(C27>Specifications!$E$5,"Resample","Pass")) -> Pass | E27: =IF($J$3="","",IF($J$3="Visual Only Resample","NA",IF($J$3="Delam and Visual Resample","NA",IF($J$3="NA","NA",(COUNTIF('Resample Data Summary'!$C2:$C234,"Error 5006:*")+COUNTIF('Resample Data Summary'!$C2:$C234,"Error 5018:*")))))) -> NA | F27: =IF($J$3="","",IF($J$3="Visual Only Resample","NA",IF($J$3="Delam and Visual Resample","NA",IF($J$3="NA","NA",(SUM(E27+C27)))))) -> NA | G27: =IF(J3="","",IF(E27="NA","NA",IF((C27+E27)>Specifications!E6,"Fail","Pass"))) -> NA | I27: Note: Enter in results if applicable (all resamples other than functional and full)
A28: CIT and SLD | C28: =IF($B$3="","",COUNTIF('Data Summary'!$C2:$C234,"Error 2037*")+COUNTIF('Data Summary'!$C2:$C234,"Error 5011*")) -> 1 | D28: =IF($B$3="","",IF(C28>Specifications!$E$5,"Resample","Pass")) -> Pass | E28: =IF($J$3="","",IF($J$3="Visual Only Resample","NA",IF($J$3="Delam and Visual Resample","NA",IF($J$3="NA","NA",(COUNTIF('Resample Data Summary'!$C$8:$C$234,"Error 2037*")+COUNTIF('Resample Data Summary'!$C$8:$C$234,"Error 5011*")))))) -> NA | F28: =IF($J$3="","",IF($J$3="Visual Only Resample","NA",IF($J$3="Delam and Visual Resample","NA",IF($J$3="NA","NA",(SUM(E28+C28)))))) -> NA | G28: =IF(J3="","",IF(E28="NA","NA",IF((C28+E28)>Specifications!E6,"Fail","Pass"))) -> NA
A29: Pressure Abort or Max Pressure > 90 PSI | C29: =IF($B$3="","", COUNTIFS('Data Summary'!D10:D19,"FAIL",'Data Summary'!C10:C19,"PASS") +COUNTIFS('Data Summary'!D25:D124,"FAIL",'Data Summary'!C25:C124,"PASS") +COUNTIFS('Data Summary'!D130:D209,"FAIL",'Data Summary'!C130:C209,"PASS") +COUNTIFS('Data Summary'!D215:D234,"FAIL",'Data Summary'!C215:C234,"PASS") +COUNTIFS('Data Summary'!D10:D19,"FAIL",'Data Summary'!C10:C19,"ERROR*") +COUNTIFS('Data Summary'!D25:D124,"FAIL",'Data Summary'!C25:C124,"ERROR*") +COUNTIFS('Data Summary'!D130:D209,"FAIL",'Data Summary'!C130:C209,"ERROR*") +COUNTIFS('Data Summary'!D215:D234,"FAIL",'Data Summary'!C215:C234,"ERROR*") +COUNTIFS('Data Summary'!D10:D19,"PASS",'Data Summary'!C10:C19,"ERROR 2008*") +COUNTIFS('Data Summary'!D25:D124,"PASS",'Data Summary'!C25:C124,"ERROR 2008*") +COUNTIFS('Data Summary'!D130:D209,"PASS",'Data Summary'!C130:C209,"ERROR 2008*") +COUNTIFS('Data Summary'!D215:D234,"PASS",'Data Summary'!C215:C234,"ERROR 2008*") +COUNTIFS('Data Summary'!D10:D19,"FAIL",'Data Summary'!C10:C19,"MAJOR FUNCTIONAL") +COUNTIFS('Data Summary'!D25:D124,"FAIL",'Data Summary'!C25:C124,"MAJOR FUNCTIONAL") +COUNTIFS('Data Summary'!D130:D209,"FAIL",'Data Summary'!C130:C209,"MAJOR FUNCTIONAL") +COUNTIFS('Data Summary'!D215:D234,"FAIL",'Data Summary'!C215:C234,"MAJOR FUNCTIONAL") +COUNTIFS('Data Summary'!D10:D19,"FAIL",'Data Summary'!C10:C19,"INVALID") +COUNTIFS('Data Summary'!D25:D124,"FAIL",'Data Summary'!C25:C124,"INVALID") +COUNTIFS('Data Summary'!D130:D209,"FAIL",'Data Summary'!C130:C209,"INVALID") +COUNTIFS('Data Summary'!D215:D234,"FAIL",'Data Summary'!C215:C234,"INVALID")) -> 1 | D29: =IF($B$3="","",IF(C29>Specifications!$E$5,"Resample","Pass")) -> Pass | E29: =IF($J$3="","", IF($J$3="Visual Only Resample","NA", IF($J$3="Delam and Visual Resample","NA", IF($J$3="NA","NA", COUNTIFS('Resample Data Summary'!D10:D19,"FAIL",'Resample Data Summary'!C10:C19,"PASS") +COUNTIFS('Resample Data Summary'!D25:D124,"FAIL",'Resample Data Summary'!C25:C124,"PASS") +COUNTIFS('Resample Data Summary'!D130:D209,"FAIL",'Resample Data Summary'!C130:C209,"PASS") +COUNTIFS('Resample Data Summary'!D215:D234,"FAIL",'Resample Data Summary'!C215:C234,"PASS") +COUNTIFS('Resample Data Summary'!D10:D19,"FAIL",'Resample Data Summary'!C10:C19,"ERROR*") +COUNTIFS('Resample Data Summary'!D25:D124,"FAIL",'Resample Data Summary'!C25:C124,"ERROR*") +COUNTIFS('Resample Data Summary'!D130:D209,"FAIL",'Resample Data Summary'!C130:C209,"ERROR*") +COUNTIFS('Resample Data Summary'!D215:D234,"FAIL",'Resample Data Summary'!C215:C234,"ERROR*") +COUNTIFS('Resample Data Summary'!D10:D19,"PASS",'Resample Data Summary'!C10:C19,"ERROR 2008*") +COUNTIFS('Resample Data Summary'!D25:D124,"PASS",'Resample Data Summary'!C25:C124,"ERROR 2008*") +COUNTIFS('Resample Data Summary'!D130:D209,"PASS",'Resample Data Summary'!C130:C209,"ERROR 2008*") +COUNTIFS('Resample Data Summary'!D215:D234,"PASS",'Resample Data Summary'!C215:C234,"ERROR 2008*") +COUNTIFS('Resample Data Summary'!D10:D19,"FAIL",'Resample Data Summary'!C10:C19,"MAJOR FUNCTIONAL") +COUNTIFS('Resample Data Summary'!D25:D124,"FAIL",'Resample Data Summary'!C25:C124,"MAJOR FUNCTIONAL") +COUNTIFS('Resample Data Summary'!D130:D209,"FAIL",'Resample Data Summary'!C130:C209,"MAJOR FUNCTIONAL") +COUNTIFS('Resample Data Summary'!D215:D234,"FAIL",'Resample Data Summary'!C215:C234,"MAJOR FUNCTIONAL") +COUNTIFS('Resample Data Summary'!D10:D19,"FAIL",'Resample Data Summary'!C10:C19,"INVALID") +COUNTIFS('Resample Data Summary'!D25:D124,"FAIL",'Resample Data Summary'!C25:C124,"INVALID") +COUNTIFS('Resample Data Summary'!D130:D209,"FAIL",'Resample Data Summary'!C130:C209,"INVALID") +COUNTIFS('Resample Data Summary'!D215:D234,"FAIL",'Resample Data Summary'!C215:C234,"INVALID"))))) -> NA | F29: =IF($J$3="","",IF($J$3="Visual Only Resample","NA",IF($J$3="Delam and Visual Resample","NA",IF($J$3="NA","NA",(SUM(E29+C29)))))) -> NA | G29: =IF(J3="","",IF(E29="NA","NA",IF((C29+E29)>Specifications!E6,"Fail","Pass"))) -> NA | I29: Table 6: Major Failure Results
A30: Sample Volume Adequacy | C30: =IF($B$3="","",COUNTIF('Data Summary'!$C2:$C234,"Error 2096*")+COUNTIF('Data Summary'!$C2:$C234,"Error 2097*")+COUNTIF('Data Summary'!$C2:$C234,"Error 2125*")) -> 0 | D30: =IF($B$3="","",IF(C30>Specifications!$E$5,"Resample","Pass")) -> Pass | E30: =IF($J$3="","",IF($J$3="Visual Only Resample","NA",IF($J$3="Delam and Visual Resample","NA",IF($J$3="NA","NA",(COUNTIF('Resample Data Summary'!$C$8:$C$234,"Error 2096*")+COUNTIF('Resample Data Summary'!$C$8:$C$234,"Error 2097*")+COUNTIF('Resample Data Summary'!$C$2:$C$234,"Error 2125*")))))) -> NA | F30: =IF($J$3="","",IF($J$3="Visual Only Resample","NA",IF($J$3="Delam and Visual Resample","NA",IF($J$3="NA","NA",(SUM(E30+C30)))))) -> NA | G30: =IF(J3="","",IF(E30="NA","NA",IF((C30+E30)>Specifications!E6,"Fail","Pass"))) -> NA | I30: Type | L30: Original Count | M30: Resample Count
A31: Delamination | C31: =IF($B$3="","",COUNTIF('Data Summary'!$C2:$C234,"DELAMINATION")) -> 0 | D31: =IF($B$3="","",IF(C31>Specifications!$E$5,"Resample","Pass")) -> Pass | E31: =IF($J$3="","",IF($J$3="Visual Only Resample","NA",IF($J$3="Delam and Visual Resample",K26,IF($J$3="NA","NA",(COUNTIF('Resample Data Summary'!$C$25:$C$234,"DELAMINATION")))))) -> NA | F31: =IF($J$3="","",IF($J$3="Visual Only Resample","NA",IF($J$3="NA","NA",(SUM(E31+C31))))) -> NA | G31: =IF(J3="","",IF(E31="NA","NA",IF((C31+E31)>Specifications!E6,"Fail","Pass"))) -> NA | I31: No. False Negative | L31: =IF($B$3="","",COUNTIF('Data Summary'!$B$130:$B$209,"MTB NOT DETECTED")+COUNTIF('Data Summary'!$B$130:$B$209,"MTB DETECTED *;Rif Resistance NOT DETECTED")+COUNTIF('Data Summary'!$B$215:$B$234,"MTB NOT DETECTED")) -> 0 | M31: =IF($J$3="","",IF($J$3="Visual Only Resample","NA",IF($J$3="Delam and Visual Resample","NA",IF($J$3="NA","NA",COUNTIF('Resample Data Summary'!B130:B209,"MTB NOT DETECTED")+COUNTIF('Resample Data Summary'!B130:B209,"MTB DETECTED *;Rif Resistance NOT DETECTED")+COUNTIF('Resample Data Summary'!B215:B234,"MTB NOT DETECTED"))))) -> NA
I32: No. False Positive | L32: =IF($B$3="","",COUNTIF('Data Summary'!$B$10:$B$19,"MTB DETECTED *")+COUNTIF('Data Summary'!$B$25:$B$124,"MTB DETECTED *")+COUNTIF('Data Summary'!$B$215:$B$234,"MTB DETECTED *;Rif Resistance DETECTED")) -> 1 | M32: =IF($J$3="","",IF($J$3="Visual Only Resample","NA",IF($J$3="Delam and Visual Resample","NA",IF($J$3="NA","NA",COUNTIF('Resample Data Summary'!B25:B124,"MTB DETECTED *")+COUNTIF('Resample Data Summary'!B215:B234,"MTB DETECTED *;Rif Resistance DETECTED"))))) -> NA
I33: No. Major Visual Inspection Failures: | L33: =IF($B$3="","",COUNTIF('Data Summary'!$C:$C,"MAJOR VISUAL")) -> 0 | M33: =IF($J$3="","",IF($J$3="","0",IF($J$3="Visual Only Resample",K25,IF($J$3="Delam and Visual Resample",K25,IF($J$3="Full Resample ",COUNTIF('Resample Data Summary'!$C:$C,"MAJOR VISUAL"),IF($J$3="NA","NA",IF($J$3="Functional And Visual Resample",COUNTIF('Resample Data Summary'!$C:$C,"MAJOR VISUAL")))))))) -> NA
B34: Max Count | C34: =IF($B$3="","",IF(COUNTBLANK(C24:C31)=8,"ND",MAX(C24:C31))) -> 1 | F34: =IF(J3="","",IF(J3="NA","NA",IF(COUNTBLANK(E24:E31)+COUNTIF(E24:E31,"N*")=8,"ND",MAX(F24:F31)))) -> NA | I34: MTB Trace Detected | L34: =IF($B$3="","",COUNTIF('Data Summary'!$B$215:$B$234,"MTB Trace DETECTED;RIF Resistance INDETERMINATE")+COUNTIF('Data Summary'!$B$10:$B$19,"MTB Trace DETECTED;RIF Resistance INDETERMINATE")+COUNTIF('Data Summary'!$B$25:$B$124,"MTB Trace DETECTED;RIF Resistance INDETERMINATE")+COUNTIF('Data Summary'!$B$130:$B$209,"MTB Trace DETECTED;RIF Resistance INDETERMINATE")) -> 1 | M34: =IF($J$3="","",IF($J$3="Visual Only Resample","NA",IF($J$3="Delam and Visual Resample","NA",IF($J$3="NA","NA",COUNTIF('Resample Data Summary'!$B$215:$B$234,"MTB Trace DETECTED;RIF Resistance INDETERMINATE")+COUNTIF('Resample Data Summary'!$B$10:$B$19,"MTB Trace DETECTED;RIF Resistance INDETERMINATE")+COUNTIF('Resample Data Summary'!$B$25:$B$124,"MTB Trace DETECTED;RIF Resistance INDETERMINATE")+COUNTIF('Resample Data Summary'!$B$130:$B$209,"MTB Trace DETECTED;RIF Resistance INDETERMINATE"))))) -> NA
B36: Max Acceptable: | C36: =Specifications!$E$5 -> 4 | F36: =Specifications!$E$6 -> 10
B37: (Out of ) | C37: (210) | F37: (410)
A39: Table 7: Result Summary:
A40: Type | D40: Original Count | E40: Accept Criteria | F40: Result | H40: Resample Count | I40: Accept Criteria | J40: Combined Count | K40: Result
A41: Total No. Cartridges Registered: | D41: =IF($B$3="","",COUNTIF('Data - Replaced'!$A$2:$A$1048576,"<>")+'Data Summary'!$D$6+'Data Summary'!$D$21+'Data Summary'!$D$126+'Data Summary'!$D$211) -> 217 | E41: NA | F41: NA | H41: =IF($J$3="","",IF($J$3="Visual Only Resample","NA",IF($J$3="Delam and Visual Resample","NA",IF($J$3="NA","NA",IF($J$3="","",COUNTIF('Data - Resample Replaced'!$A$2:$A$1034,"<>")+'Resample Data Summary'!$D$21+'Resample Data Summary'!$D$126+'Resample Data Summary'!$D$211))))) -> NA | I41: NA | J41: NA | K41: NA
A42: Total No. Valid Test Replicates: | D42: =IF($B$3="","",'Data Summary'!$D$6+'Data Summary'!$D$21+'Data Summary'!$D$126+'Data Summary'!D211) -> 210 | E42: NA | F42: NA | H42: =IF($J$3="","",IF($J$3="Visual Only Resample","NA",IF($J$3="Delam and Visual Resample","NA",IF($J$3="NA","NA",('Resample Data Summary'!$D$21+'Resample Data Summary'!$D$126+'Resample Data Summary'!D211))))) -> NA | I42: NA | J42: NA | K42: NA
A43: No. Minor Failures: | D43: =IF($B$3="","", COUNTIFS('Data Summary'!D10:D19,"FAIL",'Data Summary'!C10:C19,"PASS") +COUNTIFS('Data Summary'!D25:D124,"FAIL",'Data Summary'!C25:C124,"PASS") +COUNTIFS('Data Summary'!D130:D209,"FAIL",'Data Summary'!C130:C209,"PASS") +COUNTIFS('Data Summary'!D215:D234,"FAIL",'Data Summary'!C215:C234,"PASS") +SUM(C24:C28,C30:C32) +COUNTIFS('Data Summary'!D10:D19,"FAIL",'Data Summary'!C10:C19,"ERROR 2008*") +COUNTIFS('Data Summary'!D25:D124,"FAIL",'Data Summary'!C25:C124,"ERROR 2008*") +COUNTIFS('Data Summary'!D130:D209,"FAIL",'Data Summary'!C130:C209,"ERROR 2008*") +COUNTIFS('Data Summary'!D215:D234,"FAIL",'Data Summary'!C215:C234,"ERROR 2008*") +COUNTIF('Data Summary'!C9:C234,"BARCODE FAIL") +COUNTIF('Data Summary'!C9:C234,"MINOR VISUAL") +COUNTIF('Data Summary'!C9:C234,"Indeterminate") +COUNTIFS('Data Summary'!D10:D19,"PASS",'Data Summary'!C10:C19,"ERROR 2008*") +COUNTIFS('Data Summary'!D25:D124,"PASS",'Data Summary'!C25:C124,"ERROR 2008*") +COUNTIFS('Data Summary'!D130:D209,"PASS",'Data Summary'!C130:C209,"ERROR 2008*") +COUNTIFS('Data Summary'!D215:D234,"PASS",'Data Summary'!C215:C234,"ERROR 2008*")) -> 7 | E43: NA | F43: NA | H43: =IF($J$3="","", IF($J$3="Visual Only Resample",$K$24, IF($J$3="Delam and Visual Resample",$K$26+$K$24, IF($J$3="NA","NA", COUNTIFS('Resample Data Summary'!D10:D19,"FAIL",'Resample Data Summary'!C10:C19,"PASS") +COUNTIFS('Resample Data Summary'!D25:D124,"FAIL",'Resample Data Summary'!C25:C124,"PASS") +COUNTIFS('Resample Data Summary'!D130:D209,"FAIL",'Resample Data Summary'!C130:C209,"PASS") +COUNTIFS('Resample Data Summary'!D215:D234,"FAIL",'Resample Data Summary'!C215:C234,"PASS") +SUM(E24:E28,E30:E32) +COUNTIFS('Resample Data Summary'!D10:D19,"FAIL",'Resample Data Summary'!C10:C19,"ERROR 2008*") +COUNTIFS('Resample Data Summary'!D25:D124,"FAIL",'Resample Data Summary'!C25:C124,"ERROR 2008*") +COUNTIFS('Resample Data Summary'!D130:D209,"FAIL",'Resample Data Summary'!C130:C209,"ERROR 2008*") +COUNTIFS('Resample Data Summary'!D215:D234,"FAIL",'Resample Data Summary'!C215:C234,"ERROR 2008*") +COUNTIF('Resample Data Summary'!C9:C234,"BARCODE FAIL") +COUNTIF('Resample Data Summary'!C9:C234,"MINOR VISUAL") +COUNTIF('Resample Data Summary'!C9:C234,"Indeterminate") +COUNTIFS('Resample Data Summary'!D10:D19,"PASS",'Resample Data Summary'!C10:C19,"ERROR 2008*") +COUNTIFS('Resample Data Summary'!D25:D124,"PASS",'Resample Data Summary'!C25:C124,"ERROR 2008*") +COUNTIFS('Resample Data Summary'!D130:D209,"PASS",'Resample Data Summary'!C130:C209,"ERROR 2008*") +COUNTIFS('Resample Data Summary'!D215:D234,"PASS",'Resample Data Summary'!C215:C234,"ERROR 2008*"))))) -> NA | I43: NA | J43: NA | K43: NA
A44: No. Seal Test Failures: | D44: =IF($B$3="","",SUM('Vacuum Seal Data'!D2:D251)) -> 4 | E44: =_xlfn.CONCAT("≤",LOOKUP('Test Summary'!$B$3,Specifications!$A$11:$A$22,Specifications!$H$11:$H$22)) -> ≤9 | F44: =IF($B$3="","",IF($D$44>LOOKUP($B$3,Specifications!$A$11:$A$22,Specifications!$H$11:$H$22),"Fail","Pass")) -> Pass | H44: NA | I44: NA | J44: NA | K44: NA
A45: No. Total Major Failures: | D45: =IF($B$3="","",SUM($L$31:$L$34)) -> 2 | E45: ≤ 1 Resample at 2-3 | F45: =IF($B$3="","",IF(D45<=(IF('Test Summary'!$B$3="","",LOOKUP('Test Summary'!$B$3,Specifications!$A$11:$A$22,Specifications!$K$11:$K$22))),"Pass",IF(D45<=(IF('Test Summary'!$B$3="","",LOOKUP('Test Summary'!$B$3,Specifications!$A$11:$A$22,Specifications!$L$11:$L$22))),"Resample","Fail"))) -> Resample | H45: =IF($J$3="","",IF($J$3="NA","NA",SUM(M31:M34))) -> NA | I45: ≤ 5 | J45: =IF($J$3="","",IF($J$3="NA","NA",SUM($D$45+$H$45))) -> NA | K45: =IF($J$3="","",IF($J$3="NA","NA",IF(J45<=(IF('Test Summary'!$B$3="","",LOOKUP('Test Summary'!$B$3,Specifications!$A$11:$A$22,Specifications!$S$11:$S$22))),"Pass","Fail"))) -> NA
A46: No. Total Failures: | D46: =IF($B$3="","",SUM(D45,D43)) -> 9 | E46: ≤ 9 | F46: =IF($B$3="","",IF(D46<=(IF('Test Summary'!$B$3="","",LOOKUP('Test Summary'!$B$3,Specifications!$A$11:$A$22,Specifications!$G$11:$G$22))),"Pass","Fail")) -> Pass | H46: =IF($J$3="","",IF($J$3="NA","NA",SUM(H45,H43))) -> NA | I46: ≤ 10 | J46: NA | K46: =IF($J$3="","",IF($J$3="NA","NA",IF(H46<=(IF('Test Summary'!$B$3="","",LOOKUP('Test Summary'!$B$3,Specifications!$A$11:$A$22,Specifications!$P$11:$P$22))),"Pass","Fail"))) -> NA
C49: Original Result: | D49: =IF($B$3="","", IF(F46="Fail","Fail", IF(F44="Fail","Fail", IF(F45="Fail","Fail", IF(F45="Resample","Resample per D12547", IF(D24="Resample","Resample per D12547", IF(D25="Resample","Resample per D12547", IF(D26="Resample","Resample per D12547", IF(D27="Resample","Resample per D12547", IF(D28="Resample","Resample per D12547", IF(D29="Resample","Resample per D12547", IF(D30="Resample","Resample per D12547", IF(D31="Resample","Resample per D12547", IF(D42<Specifications!$D$1,"ND","Pass" )))))))))))))) -> Resample per D12547 | G49: NC# | H49: N/A
C50: Overall Result: | D50: =IFERROR(IF(B3="","", IF(D49="Fail","Fail", IF(K46="Fail","Fail", IF(K45="Fail","Fail", IF(F44="Fail","Fail", IF(F45="Fail","Fail", IF(F46="Fail","Fail", IF(G24="Fail","Fail", IF(G25="Fail","Fail", IF(G26="Fail","Fail", IF(G27="Fail","Fail", IF(G28="Fail","Fail", IF(G29="Fail","Fail", IF(G30="Fail","Fail", IF(G31="Fail","Fail", IF(G32="Fail","Fail", IF(D49="ND","ND", IF(AND(D49="Resample per D12547",OR($J$3="NA",$J$3="")),"Choose correct resample type", IF(AND(D49="Resample per D12547",OR($J$3="Visual Only Resample"),OR(K24="",K25="")),"ND", IF(AND(D49="Resample per D12547",$J$3="Delam and Visual Resample",OR(K24="",K25="",K26="")),"ND", IF(H42<Specifications!$F$1,"ND","Pass"))))))))))))))))))))),"ND") -> Choose correct resample type | G50: LFI# | H50: N/A
B52: Comments | L52: ¨N/A
B53: Loten har även testats av Evangelos Samakidis.
B55: Recorded By: | C55: Jesper Fredriksson | I55: Date: | J55: 2025 10 26
B57: PQC Reviewed By: | C57: Fredrik Jespersson | I57: Date: | J57: 2025 10 27

Sheet Vacuum Seal Data
B1: Cartridge ID | C1: P/F/N | D1: 0/1/NA
A2: 1 | B2: 01_0_01 | C2: P | D2: =IF(C2="","",IF(C2="N","N/A",IF(C2="P",0,IF(C2="F",1)))) -> 0
A3: 2 | B3: 01_0_02 | C3: P | D3: =IF(C3="","",IF(C3="N","N/A",IF(C3="P",0,IF(C3="F",1)))) -> 0
A4: 3 | B4: 01_0_03 | C4: P | D4: =IF(C4="","",IF(C4="N","N/A",IF(C4="P",0,IF(C4="F",1)))) -> 0
A5: 4 | B5: 01_0_04 | C5: P | D5: =IF(C5="","",IF(C5="N","N/A",IF(C5="P",0,IF(C5="F",1)))) -> 0
A6: 5 | B6: 01_0_05 | C6: P | D6: =IF(C6="","",IF(C6="N","N/A",IF(C6="P",0,IF(C6="F",1)))) -> 0
A7: 6 | B7: 01_0_06 | C7: P | D7: =IF(C7="","",IF(C7="N","N/A",IF(C7="P",0,IF(C7="F",1)))) -> 0
A8: 7 | B8: 01_0_07 | C8: P | D8: =IF(C8="","",IF(C8="N","N/A",IF(C8="P",0,IF(C8="F",1)))) -> 0
A9: 8 | B9: 01_0_08 | C9: F | D9: =IF(C9="","",IF(C9="N","N/A",IF(C9="P",0,IF(C9="F",1)))) -> 1
A10: 9 | B10: 01_0_09 | C10: P | D10: =IF(C10="","",IF(C10="N","N/A",IF(C10="P",0,IF(C10="F",1)))) -> 0
A11: 10 | B11: 01_0_10 | C11: P | D11: =IF(C11="","",IF(C11="N","N/A",IF(C11="P",0,IF(C11="F",1)))) -> 0
A12: 11 | B12: 01_1_11 | C12: P | D12: =IF(C12="","",IF(C12="N","N/A",IF(C12="P",0,IF(C12="F",1)))) -> 0
A13: 12 | B13: 01_1_12 | C13: P | D13: =IF(C13="","",IF(C13="N","N/A",IF(C13="P",0,IF(C13="F",1)))) -> 0
... A74: 73 | B74: 04_1_13 | C74: P | D74: =IF(C74="","",IF(C74="N","N/A",IF(C74="P",0,IF(C74="F",1)))) -> 0
A75: 74 | B75: 04_1_14 | C75: F | D75: 1
A76: 75 | B76: 04_1_15 | C76: P | D76: =IF(C76="","",IF(C76="N","N/A",IF(C76="P",0,IF(C76="F",1)))) -> 0
A77: 76 | B77: 04_1_16 | C77: P | D77: =IF(C77="","",IF(C77="N","N/A",IF(C77="P",0,IF(C77="F",1)))) -> 0
A78: 77 | B78: 04_1_17 | C78: P | D78: =IF(C78="","",IF(C78="N","N/A",IF(C78="P",0,IF(C78="F",1)))) -> 0
A79: 78 | B79: 04_1_18 | C79: P | D79: =IF(C79="","",IF(C79="N","N/A",IF(C79="P",0,IF(C79="F",1)))) -> 0
A80: 79 | B80: 04_2_19 | C80: P | D80: =IF(C80="","",IF(C80="N","N/A",IF(C80="P",0,IF(C80="F",1)))) -> 0
A81: 80 | B81: 04_2_20 | C81: P | D81: =IF(C81="","",IF(C81="N","N/A",IF(C81="P",0,IF(C81="F",1)))) -> 0
A82: 81 | B82: 05_0_01 | C82: P | D82: =IF(C82="","",IF(C82="N","N/A",IF(C82="P",0,IF(C82="F",1)))) -> 0
A83: 82 | B83: 05_0_02 | C83: P | D83: =IF(C83="","",IF(C83="N","N/A",IF(C83="P",0,IF(C83="F",1)))) -> 0
A84: 83 | B84: 05_0_03 | C84: P | D84: =IF(C84="","",IF(C84="N","N/A",IF(C84="P",0,IF(C84="F",1)))) -> 0
A85: 84 | B85: 05_0_04 | C85: P | D85: =IF(C85="","",IF(C85="N","N/A",IF(C85="P",0,IF(C85="F",1)))) -> 0
A86: 85 | B86: 05_0_05 | C86: P | D86: =IF(C86="","",IF(C86="N","N/A",IF(C86="P",0,IF(C86="F",1)))) -> 0
A87: 86 | B87: 05_0_06 | C87: P | D87: =IF(C87="","",IF(C87="N","N/A",IF(C87="P",0,IF(C87="F",1)))) -> 0
... A251: 250 | B251: N/A | C251: N | D251: =IF(C251="","",IF(C251="N","N/A",IF(C251="P",0,IF(C251="F",1)))) -> N/A
B254: Recorded By: | C254: Jesper Fredriksson | E254: Date: | F254: 2025 10 26
A257: Comments:
A258: N/A

Sheet Data Summary
A1: Data Summary
A2: Part No. | C2: ='Test Summary'!B3 -> GXMTBRIFULTRA50
A3: Expected Lot Number | C3: =IF('Test Summary'!$B$4="","",'Test Summary'!$B$4) -> 92303
A4: Expected Assay Name | C4: =IF('Test Summary'!$B$3="","",LOOKUP('Test Summary'!$B$3,Specifications!$A$11:$A$22,Specifications!$B$11:$B$22)) -> Xpert MTB-RIF Ultra
A6: First 10 Sample Type | B6: 0 | C6: No. Of Replicates | D6: =COUNTIF('Data - First 10'!A2:A11,"<>"&"") -> 10
A7: Lot Check | B7: =IF($C$3="","",IF($D$6=0,"NO DATA",IF(COUNTIF('Data - First 10'!$E:$E,$C$3)=$D$6,"VALID",""))) -> VALID | C7: Assay Name Check | D7: =IF($C$4="","",IF(D6=0,"NO DATA",IF(COUNTIF('Data - First 10'!$A:$A,$C$4)=D6,"VALID",""))) -> VALID
A8: No. Of Replicates Check | B8: =IF(Specifications!$B$8=$D$6,"PASS","FAIL") -> PASS | C8: Expected Result | D8: =LOOKUP($C$2,Specifications!$A$11:$A$22,Specifications!$D$11:D$22) -> MTB NOT DETECTED
A9: Cartridge ID | B9: Result | C9: Failure check | D9: Pressure Check | E9: Comment (drop-down menu available)
A10: =IF('Data - First 10'!C2="","",'Data - First 10'!C2) -> NEG_00_0_01X | B10: =IF('Data - First 10'!L2="","",'Data - First 10'!L2) -> MTB NOT DETECTED | C10: =IF(B10="","",IF(B10="INVALID",IF('Data - First 10'!GA2="","INVALID",'Data - First 10'!GA2),IF(B10="ERROR",'Data - First 10'!GA2,IF(B10="NO RESULT",'Data - First 10'!GA2,IF(B10="V","MINOR VISUAL",IF(B10="M","MAJOR VISUAL",IF(B10="B","BARCODE FAIL",IF(B10="D","DELAMINATION",IF('Data - First 10'!Q2="","DATA ENTRY ERROR",IF(B10=$D$8,"PASS","MAJOR FUNCTIONAL")))))))))) -> PASS | D10: =IF(C10="","",IF('Data - First 10'!FY2="","N/A",IF('Data - First 10'!FY2<Specifications!$D$3,"PASS","FAIL"))) -> PASS | E10: N/A
A11: =IF('Data - First 10'!C3="","",'Data - First 10'!C3) -> NEG_00_0_02X | B11: =IF('Data - First 10'!L3="","",'Data - First 10'!L3) -> MTB NOT DETECTED | C11: =IF(B11="","",IF(B11="INVALID",IF('Data - First 10'!GA3="","INVALID",'Data - First 10'!GA3),IF(B11="ERROR",'Data - First 10'!GA3,IF(B11="NO RESULT",'Data - First 10'!GA3,IF(B11="V","MINOR VISUAL",IF(B11="M","MAJOR VISUAL",IF(B11="B","BARCODE FAIL",IF(B11="D","DELAMINATION",IF('Data - First 10'!Q3="","DATA ENTRY ERROR",IF(B11=$D$8,"PASS","MAJOR FUNCTIONAL")))))))))) -> PASS | D11: =IF(C11="","",IF('Data - First 10'!FY3="","N/A",IF('Data - First 10'!FY3<Specifications!$D$3,"PASS","FAIL"))) -> PASS | E11: N/A
A12: =IF('Data - First 10'!C4="","",'Data - First 10'!C4) -> NEG_00_0_03X | B12: =IF('Data - First 10'!L4="","",'Data - First 10'!L4) -> MTB NOT DETECTED | C12: =IF(B12="","",IF(B12="INVALID",IF('Data - First 10'!GA4="","INVALID",'Data - First 10'!GA4),IF(B12="ERROR",'Data - First 10'!GA4,IF(B12="NO RESULT",'Data - First 10'!GA4,IF(B12="V","MINOR VISUAL",IF(B12="M","MAJOR VISUAL",IF(B12="B","BARCODE FAIL",IF(B12="D","DELAMINATION",IF('Data - First 10'!Q4="","DATA ENTRY ERROR",IF(B12=$D$8,"PASS","MAJOR FUNCTIONAL")))))))))) -> PASS | D12: =IF(C12="","",IF('Data - First 10'!FY4="","N/A",IF('Data - First 10'!FY4<Specifications!$D$3,"PASS","FAIL"))) -> PASS | E12: N/A
A13: =IF('Data - First 10'!C5="","",'Data - First 10'!C5) -> NEG_00_0_04X | B13: =IF('Data - First 10'!L5="","",'Data - First 10'!L5) -> MTB NOT DETECTED | C13: =IF(B13="","",IF(B13="INVALID",IF('Data - First 10'!GA5="","INVALID",'Data - First 10'!GA5),IF(B13="ERROR",'Data - First 10'!GA5,IF(B13="NO RESULT",'Data - First 10'!GA5,IF(B13="V","MINOR VISUAL",IF(B13="M","MAJOR VISUAL",IF(B13="B","BARCODE FAIL",IF(B13="D","DELAMINATION",IF('Data - First 10'!Q5="","DATA ENTRY ERROR",IF(B13=$D$8,"PASS","MAJOR FUNCTIONAL")))))))))) -> PASS | D13: =IF(C13="","",IF('Data - First 10'!FY5="","N/A",IF('Data - First 10'!FY5<Specifications!$D$3,"PASS","FAIL"))) -> PASS | E13: N/A
A14: =IF('Data - First 10'!C6="","",'Data - First 10'!C6) -> NEG_00_0_05X | B14: =IF('Data - First 10'!L6="","",'Data - First 10'!L6) -> MTB NOT DETECTED | C14: =IF(B14="","",IF(B14="INVALID",IF('Data - First 10'!GA6="","INVALID",'Data - First 10'!GA6),IF(B14="ERROR",'Data - First 10'!GA6,IF(B14="NO RESULT",'Data - First 10'!GA6,IF(B14="V","MINOR VISUAL",IF(B14="M","MAJOR VISUAL",IF(B14="B","BARCODE FAIL",IF(B14="D","DELAMINATION",IF('Data - First 10'!Q6="","DATA ENTRY ERROR",IF(B14=$D$8,"PASS","MAJOR FUNCTIONAL")))))))))) -> PASS | D14: =IF(C14="","",IF('Data - First 10'!FY6="","N/A",IF('Data - First 10'!FY6<Specifications!$D$3,"PASS","FAIL"))) -> PASS | E14: N/A
A15: =IF('Data - First 10'!C7="","",'Data - First 10'!C7) -> NEG_00_0_06+ | B15: =IF('Data - First 10'!L7="","",'Data - First 10'!L7) -> MTB NOT DETECTED | C15: =IF(B15="","",IF(B15="INVALID",IF('Data - First 10'!GA7="","INVALID",'Data - First 10'!GA7),IF(B15="ERROR",'Data - First 10'!GA7,IF(B15="NO RESULT",'Data - First 10'!GA7,IF(B15="V","MINOR VISUAL",IF(B15="M","MAJOR VISUAL",IF(B15="B","BARCODE FAIL",IF(B15="D","DELAMINATION",IF('Data - First 10'!Q7="","DATA ENTRY ERROR",IF(B15=$D$8,"PASS","MAJOR FUNCTIONAL")))))))))) -> PASS | D15: =IF(C15="","",IF('Data - First 10'!FY7="","N/A",IF('Data - First 10'!FY7<Specifications!$D$3,"PASS","FAIL"))) -> PASS | E15: N/A
A16: =IF('Data - First 10'!C8="","",'Data - First 10'!C8) -> NEG_00_0_07+ | B16: =IF('Data - First 10'!L8="","",'Data - First 10'!L8) -> MTB NOT DETECTED | C16: =IF(B16="","",IF(B16="INVALID",IF('Data - First 10'!GA8="","INVALID",'Data - First 10'!GA8),IF(B16="ERROR",'Data - First 10'!GA8,IF(B16="NO RESULT",'Data - First 10'!GA8,IF(B16="V","MINOR VISUAL",IF(B16="M","MAJOR VISUAL",IF(B16="B","BARCODE FAIL",IF(B16="D","DELAMINATION",IF('Data - First 10'!Q8="","DATA ENTRY ERROR",IF(B16=$D$8,"PASS","MAJOR FUNCTIONAL")))))))))) -> PASS | D16: =IF(C16="","",IF('Data - First 10'!FY8="","N/A",IF('Data - First 10'!FY8<Specifications!$D$3,"PASS","FAIL"))) -> PASS | E16: N/A
A17: =IF('Data - First 10'!C9="","",'Data - First 10'!C9) -> NEG_00_0_08+ | B17: =IF('Data - First 10'!L9="","",'Data - First 10'!L9) -> MTB NOT DETECTED | C17: =IF(B17="","",IF(B17="INVALID",IF('Data - First 10'!GA9="","INVALID",'Data - First 10'!GA9),IF(B17="ERROR",'Data - First 10'!GA9,IF(B17="NO RESULT",'Data - First 10'!GA9,IF(B17="V","MINOR VISUAL",IF(B17="M","MAJOR VISUAL",IF(B17="B","BARCODE FAIL",IF(B17="D","DELAMINATION",IF('Data - First 10'!Q9="","DATA ENTRY ERROR",IF(B17=$D$8,"PASS","MAJOR FUNCTIONAL")))))))))) -> PASS | D17: =IF(C17="","",IF('Data - First 10'!FY9="","N/A",IF('Data - First 10'!FY9<Specifications!$D$3,"PASS","FAIL"))) -> PASS | E17: N/A
A18: =IF('Data - First 10'!C10="","",'Data - First 10'!C10) -> NEG_00_0_09+ | B18: =IF('Data - First 10'!L10="","",'Data - First 10'!L10) -> MTB NOT DETECTED | C18: =IF(B18="","",IF(B18="INVALID",IF('Data - First 10'!GA10="","INVALID",'Data - First 10'!GA10),IF(B18="ERROR",'Data - First 10'!GA10,IF(B18="NO RESULT",'Data - First 10'!GA10,IF(B18="V","MINOR VISUAL",IF(B18="M","MAJOR VISUAL",IF(B18="B","BARCODE FAIL",IF(B18="D","DELAMINATION",IF('Data - First 10'!Q10="","DATA ENTRY ERROR",IF(B18=$D$8,"PASS","MAJOR FUNCTIONAL")))))))))) -> PASS | D18: =IF(C18="","",IF('Data - First 10'!FY10="","N/A",IF('Data - First 10'!FY10<Specifications!$D$3,"PASS","FAIL"))) -> PASS | E18: N/A
A19: =IF('Data - First 10'!C11="","",'Data - First 10'!C11) -> NEG_00_0_10+ | B19: =IF('Data - First 10'!L11="","",'Data - First 10'!L11) -> MTB NOT DETECTED | C19: =IF(B19="","",IF(B19="INVALID",IF('Data - First 10'!GA11="","INVALID",'Data - First 10'!GA11),IF(B19="ERROR",'Data - First 10'!GA11,IF(B19="NO RESULT",'Data - First 10'!GA11,IF(B19="V","MINOR VISUAL",IF(B19="M","MAJOR VISUAL",IF(B19="B","BARCODE FAIL",IF(B19="D","DELAMINATION",IF('Data - First 10'!Q11="","DATA ENTRY ERROR",IF(B19=$D$8,"PASS","MAJOR FUNCTIONAL")))))))))) -> PASS | D19: =IF(C19="","",IF('Data - First 10'!FY11="","N/A",IF('Data - First 10'!FY11<Specifications!$D$3,"PASS","FAIL"))) -> PASS | E19: N/A
A21: Sample Type | B21: 0 | C21: No. Of Replicates | D21: =COUNTIF('Data - Sample Type 0'!A2:A101,"<>"&"") -> 100
A22: Lot Check | B22: =IF($C$3="","",IF(D21=0,"NO DATA",IF(COUNTIF('Data - Sample Type 0'!$E$2:$E$101,$C$3)=D21,"VALID",""))) -> VALID | C22: Assay Name Check | D22: =IF($C$4="","",IF(D21=0,"NO DATA",IF(COUNTIF('Data - Sample Type 0'!$A$2:$A$101,$C$4)=D21,"VALID",""))) -> VALID
A23: No. Of Replicates Check | B23: =IF(Specifications!$B$6=$D$21,"PASS","FAIL") -> PASS | C23: Expected Result | D23: =LOOKUP($C$2,Specifications!$A$11:$A$22,Specifications!$D$11:D$22) -> MTB NOT DETECTED
A24: Cartridge ID | B24: Result | C24: Failure check | D24: Pressure Check | E24: Comment (drop-down menu available)
A25: =IF('Data - Sample Type 0'!C2="","",'Data - Sample Type 0'!C2) -> NEG_01_0_01X | B25: =IF('Data - Sample Type 0'!L2="","",'Data - Sample Type 0'!L2) -> MTB NOT DETECTED | C25: =IF(B25="","",IF(B25="INVALID",IF('Data - Sample Type 0'!GA2="","INVALID",'Data - Sample Type 0'!GA2),IF(B25="ERROR",'Data - Sample Type 0'!GA2,IF(B25="NO RESULT",'Data - Sample Type 0'!GA2,IF(B25="V","MINOR VISUAL",IF(B25="M","MAJOR VISUAL",IF(B25="B","BARCODE FAIL",IF(B25="D","DELAMINATION",IF('Data - Sample Type 0'!Q2="","DATA ENTRY ERROR",IF(B25=$D$23,"PASS","MAJOR FUNCTIONAL")))))))))) -> PASS | D25: =IF(C25="","",IF('Data - Sample Type 0'!FY2="","N/A",IF('Data - Sample Type 0'!FY2<Specifications!$D$3,"PASS","FAIL"))) -> PASS | E25: N/A
A26: =IF('Data - Sample Type 0'!C3="","",'Data - Sample Type 0'!C3) -> NEG_01_0_02X | B26: =IF('Data - Sample Type 0'!L3="","",'Data - Sample Type 0'!L3) -> MTB NOT DETECTED | C26: =IF(B26="","",IF(B26="INVALID",IF('Data - Sample Type 0'!GA3="","INVALID",'Data - Sample Type 0'!GA3),IF(B26="ERROR",'Data - Sample Type 0'!GA3,IF(B26="NO RESULT",'Data - Sample Type 0'!GA3,IF(B26="V","MINOR VISUAL",IF(B26="M","MAJOR VISUAL",IF(B26="B","BARCODE FAIL",IF(B26="D","DELAMINATION",IF('Data - Sample Type 0'!Q3="","DATA ENTRY ERROR",IF(B26=$D$23,"PASS","MAJOR FUNCTIONAL")))))))))) -> PASS | D26: =IF(C26="","",IF('Data - Sample Type 0'!FY3="","N/A",IF('Data - Sample Type 0'!FY3<Specifications!$D$3,"PASS","FAIL"))) -> PASS | E26: N/A
A27: =IF('Data - Sample Type 0'!C4="","",'Data - Sample Type 0'!C4) -> NEG_01_0_03X | B27: =IF('Data - Sample Type 0'!L4="","",'Data - Sample Type 0'!L4) -> MTB NOT DETECTED | C27: =IF(B27="","",IF(B27="INVALID",IF('Data - Sample Type 0'!GA4="","INVALID",'Data - Sample Type 0'!GA4),IF(B27="ERROR",'Data - Sample Type 0'!GA4,IF(B27="NO RESULT",'Data - Sample Type 0'!GA4,IF(B27="V","MINOR VISUAL",IF(B27="M","MAJOR VISUAL",IF(B27="B","BARCODE FAIL",IF(B27="D","DELAMINATION",IF('Data - Sample Type 0'!Q4="","DATA ENTRY ERROR",IF(B27=$D$23,"PASS","MAJOR FUNCTIONAL")))))))))) -> PASS | D27: =IF(C27="","",IF('Data - Sample Type 0'!FY4="","N/A",IF('Data - Sample Type 0'!FY4<Specifications!$D$3,"PASS","FAIL"))) -> PASS | E27: N/A
A28: =IF('Data - Sample Type 0'!C5="","",'Data - Sample Type 0'!C5) -> NEG_01_0_04X | B28: =IF('Data - Sample Type 0'!L5="","",'Data - Sample Type 0'!L5) -> MTB NOT DETECTED | C28: =IF(B28="","",IF(B28="INVALID",IF('Data - Sample Type 0'!GA5="","INVALID",'Data - Sample Type 0'!GA5),IF(B28="ERROR",'Data - Sample Type 0'!GA5,IF(B28="NO RESULT",'Data - Sample Type 0'!GA5,IF(B28="V","MINOR VISUAL",IF(B28="M","MAJOR VISUAL",IF(B28="B","BARCODE FAIL",IF(B28="D","DELAMINATION",IF('Data - Sample Type 0'!Q5="","DATA ENTRY ERROR",IF(B28=$D$23,"PASS","MAJOR FUNCTIONAL")))))))))) -> PASS | D28: =IF(C28="","",IF('Data - Sample Type 0'!FY5="","N/A",IF('Data - Sample Type 0'!FY5<Specifications!$D$3,"PASS","FAIL"))) -> PASS | E28: N/A
A29: =IF('Data - Sample Type 0'!C6="","",'Data - Sample Type 0'!C6) -> NEG_01_0_05X | B29: =IF('Data - Sample Type 0'!L6="","",'Data - Sample Type 0'!L6) -> MTB NOT DETECTED | C29: =IF(B29="","",IF(B29="INVALID",IF('Data - Sample Type 0'!GA6="","INVALID",'Data - Sample Type 0'!GA6),IF(B29="ERROR",'Data - Sample Type 0'!GA6,IF(B29="NO RESULT",'Data - Sample Type 0'!GA6,IF(B29="V","MINOR VISUAL",IF(B29="M","MAJOR VISUAL",IF(B29="B","BARCODE FAIL",IF(B29="D","DELAMINATION",IF('Data - Sample Type 0'!Q6="","DATA ENTRY ERROR",IF(B29=$D$23,"PASS","MAJOR FUNCTIONAL")))))))))) -> PASS | D29: =IF(C29="","",IF('Data - Sample Type 0'!FY6="","N/A",IF('Data - Sample Type 0'!FY6<Specifications!$D$3,"PASS","FAIL"))) -> PASS | E29: N/A
A30: =IF('Data - Sample Type 0'!C7="","",'Data - Sample Type 0'!C7) -> NEG_01_0_06+ | B30: =IF('Data - Sample Type 0'!L7="","",'Data - Sample Type 0'!L7) -> MTB NOT DETECTED | C30: =IF(B30="","",IF(B30="INVALID",IF('Data - Sample Type 0'!GA7="","INVALID",'Data - Sample Type 0'!GA7),IF(B30="ERROR",'Data - Sample Type 0'!GA7,IF(B30="NO RESULT",'Data - Sample Type 0'!GA7,IF(B30="V","MINOR VISUAL",IF(B30="M","MAJOR VISUAL",IF(B30="B","BARCODE FAIL",IF(B30="D","DELAMINATION",IF('Data - Sample Type 0'!Q7="","DATA ENTRY ERROR",IF(B30=$D$23,"PASS","MAJOR FUNCTIONAL")))))))))) -> PASS | D30: =IF(C30="","",IF('Data - Sample Type 0'!FY7="","N/A",IF('Data - Sample Type 0'!FY7<Specifications!$D$3,"PASS","FAIL"))) -> PASS | E30: N/A
A31: =IF('Data - Sample Type 0'!C8="","",'Data - Sample Type 0'!C8) -> NEG_01_0_07+ | B31: =IF('Data - Sample Type 0'!L8="","",'Data - Sample Type 0'!L8) -> MTB NOT DETECTED | C31: =IF(B31="","",IF(B31="INVALID",IF('Data - Sample Type 0'!GA8="","INVALID",'Data - Sample Type 0'!GA8),IF(B31="ERROR",'Data - Sample Type 0'!GA8,IF(B31="NO RESULT",'Data - Sample Type 0'!GA8,IF(B31="V","MINOR VISUAL",IF(B31="M","MAJOR VISUAL",IF(B31="B","BARCODE FAIL",IF(B31="D","DELAMINATION",IF('Data - Sample Type 0'!Q8="","DATA ENTRY ERROR",IF(B31=$D$23,"PASS","MAJOR FUNCTIONAL")))))))))) -> PASS | D31: =IF(C31="","",IF('Data - Sample Type 0'!FY8="","N/A",IF('Data - Sample Type 0'!FY8<Specifications!$D$3,"PASS","FAIL"))) -> PASS | E31: N/A
A32: =IF('Data - Sample Type 0'!C9="","",'Data - Sample Type 0'!C9) -> NEG_01_0_08A+ | B32: =IF('Data - Sample Type 0'!L9="","",'Data - Sample Type 0'!L9) -> MTB NOT DETECTED | C32: =IF(B32="","",IF(B32="INVALID",IF('Data - Sample Type 0'!GA9="","INVALID",'Data - Sample Type 0'!GA9),IF(B32="ERROR",'Data - Sample Type 0'!GA9,IF(B32="NO RESULT",'Data - Sample Type 0'!GA9,IF(B32="V","MINOR VISUAL",IF(B32="M","MAJOR VISUAL",IF(B32="B","BARCODE FAIL",IF(B32="D","DELAMINATION",IF('Data - Sample Type 0'!Q9="","DATA ENTRY ERROR",IF(B32=$D$23,"PASS","MAJOR FUNCTIONAL")))))))))) -> PASS | D32: =IF(C32="","",IF('Data - Sample Type 0'!FY9="","N/A",IF('Data - Sample Type 0'!FY9<Specifications!$D$3,"PASS","FAIL"))) -> PASS | E32: See Replaced Data
A33: =IF('Data - Sample Type 0'!C10="","",'Data - Sample Type 0'!C10) -> NEG_01_0_09+ | B33: =IF('Data - Sample Type 0'!L10="","",'Data - Sample Type 0'!L10) -> MTB NOT DETECTED | C33: =IF(B33="","",IF(B33="INVALID",IF('Data - Sample Type 0'!GA10="","INVALID",'Data - Sample Type 0'!GA10),IF(B33="ERROR",'Data - Sample Type 0'!GA10,IF(B33="NO RESULT",'Data - Sample Type 0'!GA10,IF(B33="V","MINOR VISUAL",IF(B33="M","MAJOR VISUAL",IF(B33="B","BARCODE FAIL",IF(B33="D","DELAMINATION",IF('Data - Sample Type 0'!Q10="","DATA ENTRY ERROR",IF(B33=$D$23,"PASS","MAJOR FUNCTIONAL")))))))))) -> PASS | D33: =IF(C33="","",IF('Data - Sample Type 0'!FY10="","N/A",IF('Data - Sample Type 0'!FY10<Specifications!$D$3,"PASS","FAIL"))) -> PASS | E33: N/A
A34: =IF('Data - Sample Type 0'!C11="","",'Data - Sample Type 0'!C11) -> NEG_01_0_10+ | B34: =IF('Data - Sample Type 0'!L11="","",'Data - Sample Type 0'!L11) -> MTB NOT DETECTED | C34: =IF(B34="","",IF(B34="INVALID",IF('Data - Sample Type 0'!GA11="","INVALID",'Data - Sample Type 0'!GA11),IF(B34="ERROR",'Data - Sample Type 0'!GA11,IF(B34="NO RESULT",'Data - Sample Type 0'!GA11,IF(B34="V","MINOR VISUAL",IF(B34="M","MAJOR VISUAL",IF(B34="B","BARCODE FAIL",IF(B34="D","DELAMINATION",IF('Data - Sample Type 0'!Q11="","DATA ENTRY ERROR",IF(B34=$D$23,"PASS","MAJOR FUNCTIONAL")))))))))) -> PASS | D34: =IF(C34="","",IF('Data - Sample Type 0'!FY11="","N/A",IF('Data - Sample Type 0'!FY11<Specifications!$D$3,"PASS","FAIL"))) -> PASS | E34: N/A
A35: =IF('Data - Sample Type 0'!C12="","",'Data - Sample Type 0'!C12) -> NEG_02_0_01X | B35: =IF('Data - Sample Type 0'!L12="","",'Data - Sample Type 0'!L12) -> MTB NOT DETECTED | C35: =IF(B35="","",IF(B35="INVALID",IF('Data - Sample Type 0'!GA12="","INVALID",'Data - Sample Type 0'!GA12),IF(B35="ERROR",'Data - Sample Type 0'!GA12,IF(B35="NO RESULT",'Data - Sample Type 0'!GA12,IF(B35="V","MINOR VISUAL",IF(B35="M","MAJOR VISUAL",IF(B35="B","BARCODE FAIL",IF(B35="D","DELAMINATION",IF('Data - Sample Type 0'!Q12="","DATA ENTRY ERROR",IF(B35=$D$23,"PASS","MAJOR FUNCTIONAL")))))))))) -> PASS | D35: =IF(C35="","",IF('Data - Sample Type 0'!FY12="","N/A",IF('Data - Sample Type 0'!FY12<Specifications!$D$3,"PASS","FAIL"))) -> PASS | E35: N/A
A36: =IF('Data - Sample Type 0'!C13="","",'Data - Sample Type 0'!C13) -> NEG_02_0_02X | B36: =IF('Data - Sample Type 0'!L13="","",'Data - Sample Type 0'!L13) -> MTB NOT DETECTED | C36: =IF(B36="","",IF(B36="INVALID",IF('Data - Sample Type 0'!GA13="","INVALID",'Data - Sample Type 0'!GA13),IF(B36="ERROR",'Data - Sample Type 0'!GA13,IF(B36="NO RESULT",'Data - Sample Type 0'!GA13,IF(B36="V","MINOR VISUAL",IF(B36="M","MAJOR VISUAL",IF(B36="B","BARCODE FAIL",IF(B36="D","DELAMINATION",IF('Data - Sample Type 0'!Q13="","DATA ENTRY ERROR",IF(B36=$D$23,"PASS","MAJOR FUNCTIONAL")))))))))) -> PASS | D36: =IF(C36="","",IF('Data - Sample Type 0'!FY13="","N/A",IF('Data - Sample Type 0'!FY13<Specifications!$D$3,"PASS","FAIL"))) -> PASS | E36: N/A
... A124: =IF('Data - Sample Type 0'!C101="","",'Data - Sample Type 0'!C101) -> NEG_10_0_10+ | B124: =IF('Data - Sample Type 0'!L101="","",'Data - Sample Type 0'!L101) -> MTB NOT DETECTED | C124: =IF(B124="","",IF(B124="INVALID",IF('Data - Sample Type 0'!GA101="","INVALID",'Data - Sample Type 0'!GA101),IF(B124="ERROR",'Data - Sample Type 0'!GA101,IF(B124="NO RESULT",'Data - Sample Type 0'!GA101,IF(B124="V","MINOR VISUAL",IF(B124="M","MAJOR VISUAL",IF(B124="B","BARCODE FAIL",IF(B124="D","DELAMINATION",IF('Data - Sample Type 0'!Q101="","DATA ENTRY ERROR",IF(B124=$D$23,"PASS","MAJOR FUNCTIONAL")))))))))) -> PASS | D124: =IF(C124="","",IF('Data - Sample Type 0'!FY101="","N/A",IF('Data - Sample Type 0'!FY101<Specifications!$D$3,"PASS","FAIL"))) -> PASS | E124: N/A
A126: Sample Type | B126: 1 | C126: No. Of Replicates | D126: =COUNTIF('Data - Sample Type 1'!A2:A81,"<>"&"") -> 80
A127: Lot Check | B127: =IF($C$3="","",IF(D126=0,"NO DATA",IF(COUNTIF('Data - Sample Type 1'!$E$2:$E$81,$C$3)=D126,"VALID",""))) -> VALID | C127: Assay Name Check | D127: =IF($C$4="","",IF(D126=0,"NO DATA",IF(COUNTIF('Data - Sample Type 1'!$A$2:$A$81,$C$4)=D126,"VALID",""))) -> VALID
A128: No. Of Replicates Check | B128: =IF(Specifications!$B$7=D126,"PASS","FAIL") -> PASS | C128: Expected Result | D128: =LOOKUP($C$2,Specifications!$A$11:$A$22,Specifications!$E$11:E$22) -> MTB DETECTED *;Rif Resistance DETECTED
A129: Cartridge ID | B129: Result | C129: Failure check | D129: Pressure Check | E129: Comment (drop-down menu available)
A130: =IF('Data - Sample Type 1'!C2="","",'Data - Sample Type 1'!C2) -> C15NOV23D_01_1_11X | B130: =IF('Data - Sample Type 1'!L2="","",'Data - Sample Type 1'!L2) -> MTB DETECTED LOW;RIF Resistance DETECTED | C130: =IF(B130="","",IF(B130="INVALID",IF('Data - Sample Type 1'!GA2="","INVALID",'Data - Sample Type 1'!GA2),IF(B130="ERROR",'Data - Sample Type 1'!GA2,IF(B130="NO RESULT",'Data - Sample Type 1'!GA2,IF(B130="V","MINOR VISUAL",IF(B130="M","MAJOR VISUAL",IF(B130="B","BARCODE FAIL",IF(B130="D","DELAMINATION",IF(COUNTIF(B130,Specifications!$K$4)=1,"INDETERMINATE",IF(COUNTIF(B130,$D$128)<>1,"MAJOR FUNCTIONAL",IF('Data - Sample Type 1'!Q2="","DATA ENTRY ERROR",IF('Data - Sample Type 1'!Q2=0,"SPC CT=0","PASS")))))))))))) -> PASS | D130: =IF(C130="","",IF('Data - Sample Type 1'!FY2="","N/A",IF('Data - Sample Type 1'!FY2<Specifications!$D$3,"PASS","FAIL"))) -> PASS | E130: N/A
A131: =IF('Data - Sample Type 1'!C3="","",'Data - Sample Type 1'!C3) -> C15NOV23D_01_1_12X | B131: =IF('Data - Sample Type 1'!L3="","",'Data - Sample Type 1'!L3) -> MTB DETECTED LOW;RIF Resistance DETECTED | C131: =IF(B131="","",IF(B131="INVALID",IF('Data - Sample Type 1'!GA3="","INVALID",'Data - Sample Type 1'!GA3),IF(B131="ERROR",'Data - Sample Type 1'!GA3,IF(B131="NO RESULT",'Data - Sample Type 1'!GA3,IF(B131="V","MINOR VISUAL",IF(B131="M","MAJOR VISUAL",IF(B131="B","BARCODE FAIL",IF(B131="D","DELAMINATION",IF(COUNTIF(B131,Specifications!$K$4)=1,"INDETERMINATE",IF(COUNTIF(B131,$D$128)<>1,"MAJOR FUNCTIONAL",IF('Data - Sample Type 1'!Q3="","DATA ENTRY ERROR",IF('Data - Sample Type 1'!Q3=0,"SPC CT=0","PASS")))))))))))) -> PASS | D131: =IF(C131="","",IF('Data - Sample Type 1'!FY3="","N/A",IF('Data - Sample Type 1'!FY3<Specifications!$D$3,"PASS","FAIL"))) -> PASS | E131: N/A
A132: =IF('Data - Sample Type 1'!C4="","",'Data - Sample Type 1'!C4) -> C15NOV23D_01_1_13X | B132: =IF('Data - Sample Type 1'!L4="","",'Data - Sample Type 1'!L4) -> MTB DETECTED LOW;RIF Resistance DETECTED | C132: =IF(B132="","",IF(B132="INVALID",IF('Data - Sample Type 1'!GA4="","INVALID",'Data - Sample Type 1'!GA4),IF(B132="ERROR",'Data - Sample Type 1'!GA4,IF(B132="NO RESULT",'Data - Sample Type 1'!GA4,IF(B132="V","MINOR VISUAL",IF(B132="M","MAJOR VISUAL",IF(B132="B","BARCODE FAIL",IF(B132="D","DELAMINATION",IF(COUNTIF(B132,Specifications!$K$4)=1,"INDETERMINATE",IF(COUNTIF(B132,$D$128)<>1,"MAJOR FUNCTIONAL",IF('Data - Sample Type 1'!Q4="","DATA ENTRY ERROR",IF('Data - Sample Type 1'!Q4=0,"SPC CT=0","PASS")))))))))))) -> PASS | D132: =IF(C132="","",IF('Data - Sample Type 1'!FY4="","N/A",IF('Data - Sample Type 1'!FY4<Specifications!$D$3,"PASS","FAIL"))) -> PASS | E132: N/A
A133: =IF('Data - Sample Type 1'!C5="","",'Data - Sample Type 1'!C5) -> C15NOV23D_01_1_14X | B133: =IF('Data - Sample Type 1'!L5="","",'Data - Sample Type 1'!L5) -> MTB DETECTED LOW;RIF Resistance DETECTED | C133: =IF(B133="","",IF(B133="INVALID",IF('Data - Sample Type 1'!GA5="","INVALID",'Data - Sample Type 1'!GA5),IF(B133="ERROR",'Data - Sample Type 1'!GA5,IF(B133="NO RESULT",'Data - Sample Type 1'!GA5,IF(B133="V","MINOR VISUAL",IF(B133="M","MAJOR VISUAL",IF(B133="B","BARCODE FAIL",IF(B133="D","DELAMINATION",IF(COUNTIF(B133,Specifications!$K$4)=1,"INDETERMINATE",IF(COUNTIF(B133,$D$128)<>1,"MAJOR FUNCTIONAL",IF('Data - Sample Type 1'!Q5="","DATA ENTRY ERROR",IF('Data - Sample Type 1'!Q5=0,"SPC CT=0","PASS")))))))))))) -> PASS | D133: =IF(C133="","",IF('Data - Sample Type 1'!FY5="","N/A",IF('Data - Sample Type 1'!FY5<Specifications!$D$3,"PASS","FAIL"))) -> PASS | E133: N/A
A134: =IF('Data - Sample Type 1'!C6="","",'Data - Sample Type 1'!C6) -> C15NOV23D_01_1_15+ | B134: =IF('Data - Sample Type 1'!L6="","",'Data - Sample Type 1'!L6) -> MTB DETECTED LOW;RIF Resistance DETECTED | C134: =IF(B134="","",IF(B134="INVALID",IF('Data - Sample Type 1'!GA6="","INVALID",'Data - Sample Type 1'!GA6),IF(B134="ERROR",'Data - Sample Type 1'!GA6,IF(B134="NO RESULT",'Data - Sample Type 1'!GA6,IF(B134="V","MINOR VISUAL",IF(B134="M","MAJOR VISUAL",IF(B134="B","BARCODE FAIL",IF(B134="D","DELAMINATION",IF(COUNTIF(B134,Specifications!$K$4)=1,"INDETERMINATE",IF(COUNTIF(B134,$D$128)<>1,"MAJOR FUNCTIONAL",IF('Data - Sample Type 1'!Q6="","DATA ENTRY ERROR",IF('Data - Sample Type 1'!Q6=0,"SPC CT=0","PASS")))))))))))) -> PASS | D134: =IF(C134="","",IF('Data - Sample Type 1'!FY6="","N/A",IF('Data - Sample Type 1'!FY6<Specifications!$D$3,"PASS","FAIL"))) -> PASS | E134: N/A
A135: =IF('Data - Sample Type 1'!C7="","",'Data - Sample Type 1'!C7) -> C15NOV23D_01_1_16+ | B135: =IF('Data - Sample Type 1'!L7="","",'Data - Sample Type 1'!L7) -> MTB DETECTED LOW;RIF Resistance DETECTED | C135: =IF(B135="","",IF(B135="INVALID",IF('Data - Sample Type 1'!GA7="","INVALID",'Data - Sample Type 1'!GA7),IF(B135="ERROR",'Data - Sample Type 1'!GA7,IF(B135="NO RESULT",'Data - Sample Type 1'!GA7,IF(B135="V","MINOR VISUAL",IF(B135="M","MAJOR VISUAL",IF(B135="B","BARCODE FAIL",IF(B135="D","DELAMINATION",IF(COUNTIF(B135,Specifications!$K$4)=1,"INDETERMINATE",IF(COUNTIF(B135,$D$128)<>1,"MAJOR FUNCTIONAL",IF('Data - Sample Type 1'!Q7="","DATA ENTRY ERROR",IF('Data - Sample Type 1'!Q7=0,"SPC CT=0","PASS")))))))))))) -> PASS | D135: =IF(C135="","",IF('Data - Sample Type 1'!FY7="","N/A",IF('Data - Sample Type 1'!FY7<Specifications!$D$3,"PASS","FAIL"))) -> PASS | E135: N/A
A136: =IF('Data - Sample Type 1'!C8="","",'Data - Sample Type 1'!C8) -> C15NOV23D_01_1_17+ | B136: =IF('Data - Sample Type 1'!L8="","",'Data - Sample Type 1'!L8) -> MTB DETECTED LOW;RIF Resistance DETECTED | C136: =IF(B136="","",IF(B136="INVALID",IF('Data - Sample Type 1'!GA8="","INVALID",'Data - Sample Type 1'!GA8),IF(B136="ERROR",'Data - Sample Type 1'!GA8,IF(B136="NO RESULT",'Data - Sample Type 1'!GA8,IF(B136="V","MINOR VISUAL",IF(B136="M","MAJOR VISUAL",IF(B136="B","BARCODE FAIL",IF(B136="D","DELAMINATION",IF(COUNTIF(B136,Specifications!$K$4)=1,"INDETERMINATE",IF(COUNTIF(B136,$D$128)<>1,"MAJOR FUNCTIONAL",IF('Data - Sample Type 1'!Q8="","DATA ENTRY ERROR",IF('Data - Sample Type 1'!Q8=0,"SPC CT=0","PASS")))))))))))) -> PASS | D136: =IF(C136="","",IF('Data - Sample Type 1'!FY8="","N/A",IF('Data - Sample Type 1'!FY8<Specifications!$D$3,"PASS","FAIL"))) -> PASS | E136: N/A
A137: =IF('Data - Sample Type 1'!C9="","",'Data - Sample Type 1'!C9) -> C15NOV23D_01_1_18+ | B137: =IF('Data - Sample Type 1'!L9="","",'Data - Sample Type 1'!L9) -> MTB DETECTED LOW;RIF Resistance DETECTED | C137: =IF(B137="","",IF(B137="INVALID",IF('Data - Sample Type 1'!GA9="","INVALID",'Data - Sample Type 1'!GA9),IF(B137="ERROR",'Data - Sample Type 1'!GA9,IF(B137="NO RESULT",'Data - Sample Type 1'!GA9,IF(B137="V","MINOR VISUAL",IF(B137="M","MAJOR VISUAL",IF(B137="B","BARCODE FAIL",IF(B137="D","DELAMINATION",IF(COUNTIF(B137,Specifications!$K$4)=1,"INDETERMINATE",IF(COUNTIF(B137,$D$128)<>1,"MAJOR FUNCTIONAL",IF('Data - Sample Type 1'!Q9="","DATA ENTRY ERROR",IF('Data - Sample Type 1'!Q9=0,"SPC CT=0","PASS")))))))))))) -> PASS | D137: =IF(C137="","",IF('Data - Sample Type 1'!FY9="","N/A",IF('Data - Sample Type 1'!FY9<Specifications!$D$3,"PASS","FAIL"))) -> PASS | E137: N/A
A138: =IF('Data - Sample Type 1'!C10="","",'Data - Sample Type 1'!C10) -> C15NOV23D_02_1_11X | B138: =IF('Data - Sample Type 1'!L10="","",'Data - Sample Type 1'!L10) -> MTB DETECTED LOW;RIF Resistance DETECTED | C138: =IF(B138="","",IF(B138="INVALID",IF('Data - Sample Type 1'!GA10="","INVALID",'Data - Sample Type 1'!GA10),IF(B138="ERROR",'Data - Sample Type 1'!GA10,IF(B138="NO RESULT",'Data - Sample Type 1'!GA10,IF(B138="V","MINOR VISUAL",IF(B138="M","MAJOR VISUAL",IF(B138="B","BARCODE FAIL",IF(B138="D","DELAMINATION",IF(COUNTIF(B138,Specifications!$K$4)=1,"INDETERMINATE",IF(COUNTIF(B138,$D$128)<>1,"MAJOR FUNCTIONAL",IF('Data - Sample Type 1'!Q10="","DATA ENTRY ERROR",IF('Data - Sample Type 1'!Q10=0,"SPC CT=0","PASS")))))))))))) -> PASS | D138: =IF(C138="","",IF('Data - Sample Type 1'!FY10="","N/A",IF('Data - Sample Type 1'!FY10<Specifications!$D$3,"PASS","FAIL"))) -> PASS | E138: N/A
A139: =IF('Data - Sample Type 1'!C11="","",'Data - Sample Type 1'!C11) -> C15NOV23D_02_1_12X | B139: =IF('Data - Sample Type 1'!L11="","",'Data - Sample Type 1'!L11) -> ERROR | C139: =IF(B139="","",IF(B139="INVALID",IF('Data - Sample Type 1'!GA11="","INVALID",'Data - Sample Type 1'!GA11),IF(B139="ERROR",'Data - Sample Type 1'!GA11,IF(B139="NO RESULT",'Data - Sample Type 1'!GA11,IF(B139="V","MINOR VISUAL",IF(B139="M","MAJOR VISUAL",IF(B139="B","BARCODE FAIL",IF(B139="D","DELAMINATION",IF(COUNTIF(B139,Specifications!$K$4)=1,"INDETERMINATE",IF(COUNTIF(B139,$D$128)<>1,"MAJOR FUNCTIONAL",IF('Data - Sample Type 1'!Q11="","DATA ENTRY ERROR",IF('Data - Sample Type 1'!Q11=0,"SPC CT=0","PASS")))))))))))) -> Error 5007: [CT1] probe check failed. Probe check value of 17 for reading number 2 was below the minimum of 110|Error 5007: [SPC] probe check failed. Probe check value of 19 for reading number 2 was below the minimum of 119 | D139: =IF(C139="","",IF('Data - Sample Type 1'!FY11="","N/A",IF('Data - Sample Type 1'!FY11<Specifications!$D$3,"PASS","FAIL"))) -> PASS | E139: N/A
A140: =IF('Data - Sample Type 1'!C12="","",'Data - Sample Type 1'!C12) -> C15NOV23D_02_1_13X | B140: =IF('Data - Sample Type 1'!L12="","",'Data - Sample Type 1'!L12) -> MTB DETECTED LOW;RIF Resistance DETECTED | C140: =IF(B140="","",IF(B140="INVALID",IF('Data - Sample Type 1'!GA12="","INVALID",'Data - Sample Type 1'!GA12),IF(B140="ERROR",'Data - Sample Type 1'!GA12,IF(B140="NO RESULT",'Data - Sample Type 1'!GA12,IF(B140="V","MINOR VISUAL",IF(B140="M","MAJOR VISUAL",IF(B140="B","BARCODE FAIL",IF(B140="D","DELAMINATION",IF(COUNTIF(B140,Specifications!$K$4)=1,"INDETERMINATE",IF(COUNTIF(B140,$D$128)<>1,"MAJOR FUNCTIONAL",IF('Data - Sample Type 1'!Q12="","DATA ENTRY ERROR",IF('Data - Sample Type 1'!Q12=0,"SPC CT=0","PASS")))))))))))) -> PASS | D140: =IF(C140="","",IF('Data - Sample Type 1'!FY12="","N/A",IF('Data - Sample Type 1'!FY12<Specifications!$D$3,"PASS","FAIL"))) -> PASS | E140: N/A
A141: =IF('Data - Sample Type 1'!C13="","",'Data - Sample Type 1'!C13) -> C15NOV23D_02_1_14X | B141: =IF('Data - Sample Type 1'!L13="","",'Data - Sample Type 1'!L13) -> MTB DETECTED LOW;RIF Resistance DETECTED | C141: =IF(B141="","",IF(B141="INVALID",IF('Data - Sample Type 1'!GA13="","INVALID",'Data - Sample Type 1'!GA13),IF(B141="ERROR",'Data - Sample Type 1'!GA13,IF(B141="NO RESULT",'Data - Sample Type 1'!GA13,IF(B141="V","MINOR VISUAL",IF(B141="M","MAJOR VISUAL",IF(B141="B","BARCODE FAIL",IF(B141="D","DELAMINATION",IF(COUNTIF(B141,Specifications!$K$4)=1,"INDETERMINATE",IF(COUNTIF(B141,$D$128)<>1,"MAJOR FUNCTIONAL",IF('Data - Sample Type 1'!Q13="","DATA ENTRY ERROR",IF('Data - Sample Type 1'!Q13=0,"SPC CT=0","PASS")))))))))))) -> PASS | D141: =IF(C141="","",IF('Data - Sample Type 1'!FY13="","N/A",IF('Data - Sample Type 1'!FY13<Specifications!$D$3,"PASS","FAIL"))) -> PASS | E141: N/A
... A209: =IF('Data - Sample Type 1'!C81="","",'Data - Sample Type 1'!C81) -> C15NOV23D_10_1_18+ | B209: =IF('Data - Sample Type 1'!L81="","",'Data - Sample Type 1'!L81) -> MTB DETECTED LOW;RIF Resistance DETECTED | C209: =IF(B209="","",IF(B209="INVALID",IF('Data - Sample Type 1'!GA81="","INVALID",'Data - Sample Type 1'!GA81),IF(B209="ERROR",'Data - Sample Type 1'!GA81,IF(B209="NO RESULT",'Data - Sample Type 1'!GA81,IF(B209="V","MINOR VISUAL",IF(B209="M","MAJOR VISUAL",IF(B209="B","BARCODE FAIL",IF(B209="D","DELAMINATION",IF(COUNTIF(B209,Specifications!$K$4)=1,"INDETERMINATE",IF(COUNTIF(B209,$D$128)<>1,"MAJOR FUNCTIONAL",IF('Data - Sample Type 1'!Q81="","DATA ENTRY ERROR",IF('Data - Sample Type 1'!Q81=0,"SPC CT=0","PASS")))))))))))) -> PASS | D209: =IF(C209="","",IF('Data - Sample Type 1'!FY81="","N/A",IF('Data - Sample Type 1'!FY81<Specifications!$D$3,"PASS","FAIL"))) -> PASS | E209: N/A
A211: Sample Type | B211: 2 | C211: No. Of Replicates | D211: =COUNTIF('Data - Sample Type 2'!A2:A21,"<>"&"") -> 20
A212: Lot Check | B212: =IF($C$3="","",IF(D211=0,"NO DATA",IF(COUNTIF('Data - Sample Type 2'!$E$2:$E$21,$C$3)=D211,"VALID",""))) -> VALID | C212: Assay Name Check | D212: =IF($C$4="","",IF(D211=0,"NO DATA",IF(COUNTIF('Data - Sample Type 2'!$A$2:$A$21,$C$4)=D211,"VALID",""))) -> VALID
A213: No. Of Replicates Check | B213: =IF(Specifications!$B$9=$D$211,"PASS","FAIL") -> PASS | C213: Expected Result | D213: =LOOKUP($C$2,Specifications!$A$11:$A$22,Specifications!$F$11:F$22) -> MTB DETECTED *;Rif Resistance NOT DETECTED
A214: Cartridge ID | B214: Result | C214: Failure check | D214: Pressure Check | E214: Comment (drop-down menu available)
A215: =IF('Data - Sample Type 2'!C2="","",'Data - Sample Type 2'!C2) -> B01NOV24B_01_2_19X | B215: =IF('Data - Sample Type 2'!L2="","",'Data - Sample Type 2'!L2) -> MTB DETECTED LOW;RIF Resistance NOT DETECTED | C215: =IF(B215="","",IF(B215="INVALID",IF('Data - Sample Type 2'!GA2="","INVALID",'Data - Sample Type 2'!GA2),IF(B215="ERROR",'Data - Sample Type 2'!GA2,IF(B215="NO RESULT",'Data - Sample Type 2'!GA2,IF(B215="V","MINOR VISUAL",IF(B215="M","MAJOR VISUAL",IF(B215="B","BARCODE FAIL",IF(B215="D","DELAMINATION",IF(COUNTIF(B215,Specifications!$K$4)=1,"INDETERMINATE",IF(COUNTIF(B215,$D$213)<>1,"MAJOR FUNCTIONAL",IF('Data - Sample Type 2'!Q2="","DATA ENTRY ERROR",IF('Data - Sample Type 2'!Q2=0,"SPC CT=0","PASS")))))))))))) -> PASS | D215: =IF(C215="","",IF('Data - Sample Type 2'!FY2="","N/A",IF('Data - Sample Type 2'!FY2<Specifications!$D$3,"PASS","FAIL"))) -> PASS | E215: N/A
A216: =IF('Data - Sample Type 2'!C3="","",'Data - Sample Type 2'!C3) -> B01NOV24B_01_2_20+ | B216: =IF('Data - Sample Type 2'!L3="","",'Data - Sample Type 2'!L3) -> MTB DETECTED LOW;RIF Resistance NOT DETECTED | C216: =IF(B216="","",IF(B216="INVALID",IF('Data - Sample Type 2'!GA3="","INVALID",'Data - Sample Type 2'!GA3),IF(B216="ERROR",'Data - Sample Type 2'!GA3,IF(B216="NO RESULT",'Data - Sample Type 2'!GA3,IF(B216="V","MINOR VISUAL",IF(B216="M","MAJOR VISUAL",IF(B216="B","BARCODE FAIL",IF(B216="D","DELAMINATION",IF(COUNTIF(B216,Specifications!$K$4)=1,"INDETERMINATE",IF(COUNTIF(B216,$D$213)<>1,"MAJOR FUNCTIONAL",IF('Data - Sample Type 2'!Q3="","DATA ENTRY ERROR",IF('Data - Sample Type 2'!Q3=0,"SPC CT=0","PASS")))))))))))) -> PASS | D216: =IF(C216="","",IF('Data - Sample Type 2'!FY3="","N/A",IF('Data - Sample Type 2'!FY3<Specifications!$D$3,"PASS","FAIL"))) -> PASS | E216: N/A
A217: =IF('Data - Sample Type 2'!C4="","",'Data - Sample Type 2'!C4) -> B01NOV24B_02_2_19X | B217: =IF('Data - Sample Type 2'!L4="","",'Data - Sample Type 2'!L4) -> MTB DETECTED LOW;RIF Resistance NOT DETECTED | C217: =IF(B217="","",IF(B217="INVALID",IF('Data - Sample Type 2'!GA4="","INVALID",'Data - Sample Type 2'!GA4),IF(B217="ERROR",'Data - Sample Type 2'!GA4,IF(B217="NO RESULT",'Data - Sample Type 2'!GA4,IF(B217="V","MINOR VISUAL",IF(B217="M","MAJOR VISUAL",IF(B217="B","BARCODE FAIL",IF(B217="D","DELAMINATION",IF(COUNTIF(B217,Specifications!$K$4)=1,"INDETERMINATE",IF(COUNTIF(B217,$D$213)<>1,"MAJOR FUNCTIONAL",IF('Data - Sample Type 2'!Q4="","DATA ENTRY ERROR",IF('Data - Sample Type 2'!Q4=0,"SPC CT=0","PASS")))))))))))) -> PASS | D217: =IF(C217="","",IF('Data - Sample Type 2'!FY4="","N/A",IF('Data - Sample Type 2'!FY4<Specifications!$D$3,"PASS","FAIL"))) -> PASS | E217: N/A
A218: =IF('Data - Sample Type 2'!C5="","",'Data - Sample Type 2'!C5) -> B01NOV24B_02_2_20+ | B218: =IF('Data - Sample Type 2'!L5="","",'Data - Sample Type 2'!L5) -> MTB DETECTED LOW;RIF Resistance NOT DETECTED | C218: =IF(B218="","",IF(B218="INVALID",IF('Data - Sample Type 2'!GA5="","INVALID",'Data - Sample Type 2'!GA5),IF(B218="ERROR",'Data - Sample Type 2'!GA5,IF(B218="NO RESULT",'Data - Sample Type 2'!GA5,IF(B218="V","MINOR VISUAL",IF(B218="M","MAJOR VISUAL",IF(B218="B","BARCODE FAIL",IF(B218="D","DELAMINATION",IF(COUNTIF(B218,Specifications!$K$4)=1,"INDETERMINATE",IF(COUNTIF(B218,$D$213)<>1,"MAJOR FUNCTIONAL",IF('Data - Sample Type 2'!Q5="","DATA ENTRY ERROR",IF('Data - Sample Type 2'!Q5=0,"SPC CT=0","PASS")))))))))))) -> PASS | D218: =IF(C218="","",IF('Data - Sample Type 2'!FY5="","N/A",IF('Data - Sample Type 2'!FY5<Specifications!$D$3,"PASS","FAIL"))) -> PASS | E218: N/A
A219: =IF('Data - Sample Type 2'!C6="","",'Data - Sample Type 2'!C6) -> B01NOV24B_03_2_19X | B219: =IF('Data - Sample Type 2'!L6="","",'Data - Sample Type 2'!L6) -> NO RESULT | C219: =IF(B219="","",IF(B219="INVALID",IF('Data - Sample Type 2'!GA6="","INVALID",'Data - Sample Type 2'!GA6),IF(B219="ERROR",'Data - Sample Type 2'!GA6,IF(B219="NO RESULT",'Data - Sample Type 2'!GA6,IF(B219="V","MINOR VISUAL",IF(B219="M","MAJOR VISUAL",IF(B219="B","BARCODE FAIL",IF(B219="D","DELAMINATION",IF(COUNTIF(B219,Specifications!$K$4)=1,"INDETERMINATE",IF(COUNTIF(B219,$D$213)<>1,"MAJOR FUNCTIONAL",IF('Data - Sample Type 2'!Q6="","DATA ENTRY ERROR",IF('Data - Sample Type 2'!Q6=0,"SPC CT=0","PASS")))))))))))) -> Error 2037: The cartridge integrity test failed at valve position 1390. The pressure change of -0.6 PSI did not exceed the requirement of 4.0 PSI. The pressure increased from 3.5 PSI to 3.0 PSI during the test | D219: =IF(C219="","",IF('Data - Sample Type 2'!FY6="","N/A",IF('Data - Sample Type 2'!FY6<Specifications!$D$3,"PASS","FAIL"))) -> PASS | E219: N/A
A220: =IF('Data - Sample Type 2'!C7="","",'Data - Sample Type 2'!C7) -> B01NOV24B_03_2_20+ | B220: =IF('Data - Sample Type 2'!L7="","",'Data - Sample Type 2'!L7) -> MTB DETECTED LOW;RIF Resistance NOT DETECTED | C220: =IF(B220="","",IF(B220="INVALID",IF('Data - Sample Type 2'!GA7="","INVALID",'Data - Sample Type 2'!GA7),IF(B220="ERROR",'Data - Sample Type 2'!GA7,IF(B220="NO RESULT",'Data - Sample Type 2'!GA7,IF(B220="V","MINOR VISUAL",IF(B220="M","MAJOR VISUAL",IF(B220="B","BARCODE FAIL",IF(B220="D","DELAMINATION",IF(COUNTIF(B220,Specifications!$K$4)=1,"INDETERMINATE",IF(COUNTIF(B220,$D$213)<>1,"MAJOR FUNCTIONAL",IF('Data - Sample Type 2'!Q7="","DATA ENTRY ERROR",IF('Data - Sample Type 2'!Q7=0,"SPC CT=0","PASS")))))))))))) -> PASS | D220: =IF(C220="","",IF('Data - Sample Type 2'!FY7="","N/A",IF('Data - Sample Type 2'!FY7<Specifications!$D$3,"PASS","FAIL"))) -> PASS | E220: N/A
A221: =IF('Data - Sample Type 2'!C8="","",'Data - Sample Type 2'!C8) -> B01NOV24B_04_2_19X | B221: =IF('Data - Sample Type 2'!L8="","",'Data - Sample Type 2'!L8) -> MTB DETECTED LOW;RIF Resistance NOT DETECTED | C221: =IF(B221="","",IF(B221="INVALID",IF('Data - Sample Type 2'!GA8="","INVALID",'Data - Sample Type 2'!GA8),IF(B221="ERROR",'Data - Sample Type 2'!GA8,IF(B221="NO RESULT",'Data - Sample Type 2'!GA8,IF(B221="V","MINOR VISUAL",IF(B221="M","MAJOR VISUAL",IF(B221="B","BARCODE FAIL",IF(B221="D","DELAMINATION",IF(COUNTIF(B221,Specifications!$K$4)=1,"INDETERMINATE",IF(COUNTIF(B221,$D$213)<>1,"MAJOR FUNCTIONAL",IF('Data - Sample Type 2'!Q8="","DATA ENTRY ERROR",IF('Data - Sample Type 2'!Q8=0,"SPC CT=0","PASS")))))))))))) -> SPC CT=0 | D221: =IF(C221="","",IF('Data - Sample Type 2'!FY8="","N/A",IF('Data - Sample Type 2'!FY8<Specifications!$D$3,"PASS","FAIL"))) -> PASS | E221: N/A
A222: =IF('Data - Sample Type 2'!C9="","",'Data - Sample Type 2'!C9) -> B01NOV24B_04_2_20+ | B222: =IF('Data - Sample Type 2'!L9="","",'Data - Sample Type 2'!L9) -> MTB DETECTED LOW;RIF Resistance NOT DETECTED | C222: =IF(B222="","",IF(B222="INVALID",IF('Data - Sample Type 2'!GA9="","INVALID",'Data - Sample Type 2'!GA9),IF(B222="ERROR",'Data - Sample Type 2'!GA9,IF(B222="NO RESULT",'Data - Sample Type 2'!GA9,IF(B222="V","MINOR VISUAL",IF(B222="M","MAJOR VISUAL",IF(B222="B","BARCODE FAIL",IF(B222="D","DELAMINATION",IF(COUNTIF(B222,Specifications!$K$4)=1,"INDETERMINATE",IF(COUNTIF(B222,$D$213)<>1,"MAJOR FUNCTIONAL",IF('Data - Sample Type 2'!Q9="","DATA ENTRY ERROR",IF('Data - Sample Type 2'!Q9=0,"SPC CT=0","PASS")))))))))))) -> PASS | D222: =IF(C222="","",IF('Data - Sample Type 2'!FY9="","N/A",IF('Data - Sample Type 2'!FY9<Specifications!$D$3,"PASS","FAIL"))) -> PASS | E222: N/A
A223: =IF('Data - Sample Type 2'!C10="","",'Data - Sample Type 2'!C10) -> B01NOV24B_05_2_19X | B223: =IF('Data - Sample Type 2'!L10="","",'Data - Sample Type 2'!L10) -> MTB DETECTED LOW;RIF Resistance NOT DETECTED | C223: =IF(B223="","",IF(B223="INVALID",IF('Data - Sample Type 2'!GA10="","INVALID",'Data - Sample Type 2'!GA10),IF(B223="ERROR",'Data - Sample Type 2'!GA10,IF(B223="NO RESULT",'Data - Sample Type 2'!GA10,IF(B223="V","MINOR VISUAL",IF(B223="M","MAJOR VISUAL",IF(B223="B","BARCODE FAIL",IF(B223="D","DELAMINATION",IF(COUNTIF(B223,Specifications!$K$4)=1,"INDETERMINATE",IF(COUNTIF(B223,$D$213)<>1,"MAJOR FUNCTIONAL",IF('Data - Sample Type 2'!Q10="","DATA ENTRY ERROR",IF('Data - Sample Type 2'!Q10=0,"SPC CT=0","PASS")))))))))))) -> PASS | D223: =IF(C223="","",IF('Data - Sample Type 2'!FY10="","N/A",IF('Data - Sample Type 2'!FY10<Specifications!$D$3,"PASS","FAIL"))) -> PASS | E223: N/A
A224: =IF('Data - Sample Type 2'!C11="","",'Data - Sample Type 2'!C11) -> B01NOV24B_05_2_20+ | B224: =IF('Data - Sample Type 2'!L11="","",'Data - Sample Type 2'!L11) -> MTB DETECTED LOW;RIF Resistance NOT DETECTED | C224: =IF(B224="","",IF(B224="INVALID",IF('Data - Sample Type 2'!GA11="","INVALID",'Data - Sample Type 2'!GA11),IF(B224="ERROR",'Data - Sample Type 2'!GA11,IF(B224="NO RESULT",'Data - Sample Type 2'!GA11,IF(B224="V","MINOR VISUAL",IF(B224="M","MAJOR VISUAL",IF(B224="B","BARCODE FAIL",IF(B224="D","DELAMINATION",IF(COUNTIF(B224,Specifications!$K$4)=1,"INDETERMINATE",IF(COUNTIF(B224,$D$213)<>1,"MAJOR FUNCTIONAL",IF('Data - Sample Type 2'!Q11="","DATA ENTRY ERROR",IF('Data - Sample Type 2'!Q11=0,"SPC CT=0","PASS")))))))))))) -> PASS | D224: =IF(C224="","",IF('Data - Sample Type 2'!FY11="","N/A",IF('Data - Sample Type 2'!FY11<Specifications!$D$3,"PASS","FAIL"))) -> PASS | E224: N/A
A225: =IF('Data - Sample Type 2'!C12="","",'Data - Sample Type 2'!C12) -> B01NOV24B_06_2_19X | B225: =IF('Data - Sample Type 2'!L12="","",'Data - Sample Type 2'!L12) -> MTB DETECTED LOW;RIF Resistance NOT DETECTED | C225: =IF(B225="","",IF(B225="INVALID",IF('Data - Sample Type 2'!GA12="","INVALID",'Data - Sample Type 2'!GA12),IF(B225="ERROR",'Data - Sample Type 2'!GA12,IF(B225="NO RESULT",'Data - Sample Type 2'!GA12,IF(B225="V","MINOR VISUAL",IF(B225="M","MAJOR VISUAL",IF(B225="B","BARCODE FAIL",IF(B225="D","DELAMINATION",IF(COUNTIF(B225,Specifications!$K$4)=1,"INDETERMINATE",IF(COUNTIF(B225,$D$213)<>1,"MAJOR FUNCTIONAL",IF('Data - Sample Type 2'!Q12="","DATA ENTRY ERROR",IF('Data - Sample Type 2'!Q12=0,"SPC CT=0","PASS")))))))))))) -> PASS | D225: =IF(C225="","",IF('Data - Sample Type 2'!FY12="","N/A",IF('Data - Sample Type 2'!FY12<Specifications!$D$3,"PASS","FAIL"))) -> PASS | E225: N/A
A226: =IF('Data - Sample Type 2'!C13="","",'Data - Sample Type 2'!C13) -> 06_2_20+ | B226: =IF('Data - Sample Type 2'!L13="","",'Data - Sample Type 2'!L13) -> V | C226: =IF(B226="","",IF(B226="INVALID",IF('Data - Sample Type 2'!GA13="","INVALID",'Data - Sample Type 2'!GA13),IF(B226="ERROR",'Data - Sample Type 2'!GA13,IF(B226="NO RESULT",'Data - Sample Type 2'!GA13,IF(B226="V","MINOR VISUAL",IF(B226="M","MAJOR VISUAL",IF(B226="B","BARCODE FAIL",IF(B226="D","DELAMINATION",IF(COUNTIF(B226,Specifications!$K$4)=1,"INDETERMINATE",IF(COUNTIF(B226,$D$213)<>1,"MAJOR FUNCTIONAL",IF('Data - Sample Type 2'!Q13="","DATA ENTRY ERROR",IF('Data - Sample Type 2'!Q13=0,"SPC CT=0","PASS")))))))))))) -> MINOR VISUAL | D226: =IF(C226="","",IF('Data - Sample Type 2'!FY13="","N/A",IF('Data - Sample Type 2'!FY13<Specifications!$D$3,"PASS","FAIL"))) -> N/A | E226: Liquid under lid
... A234: =IF('Data - Sample Type 2'!C21="","",'Data - Sample Type 2'!C21) -> B01NOV24B_10_2_20+ | B234: =IF('Data - Sample Type 2'!L21="","",'Data - Sample Type 2'!L21) -> MTB DETECTED LOW;RIF Resistance NOT DETECTED | C234: =IF(B234="","",IF(B234="INVALID",IF('Data - Sample Type 2'!GA21="","INVALID",'Data - Sample Type 2'!GA21),IF(B234="ERROR",'Data - Sample Type 2'!GA21,IF(B234="NO RESULT",'Data - Sample Type 2'!GA21,IF(B234="V","MINOR VISUAL",IF(B234="M","MAJOR VISUAL",IF(B234="B","BARCODE FAIL",IF(B234="D","DELAMINATION",IF(COUNTIF(B234,Specifications!$K$4)=1,"INDETERMINATE",IF(COUNTIF(B234,$D$213)<>1,"MAJOR FUNCTIONAL",IF('Data - Sample Type 2'!Q21="","DATA ENTRY ERROR",IF('Data - Sample Type 2'!Q21=0,"SPC CT=0","PASS")))))))))))) -> PASS | D234: =IF(C234="","",IF('Data - Sample Type 2'!FY21="","N/A",IF('Data - Sample Type 2'!FY21<Specifications!$D$3,"PASS","FAIL"))) -> PASS | E234: N/A
A236: Replaced | B236: ¨N/A | C236: No. Of Replicates | D236: =COUNTIF('Data - Replaced'!A2:A1048576,"<>"&"") -> 7
A237: Cartridge ID | B237: Result | C237: Failure check | D237: Pressure Check | E237: Comment (drop-down menu available)
A238: =IF('Data - Replaced'!C2="","",'Data - Replaced'!C2) -> 01_0_08+ | B238: =IF('Data - Replaced'!L2="","",'Data - Replaced'!L2) -> S | C238: =IF('Data - Replaced'!GA2="","",'Data - Replaced'!GA2) -> Seal Test Failure | D238: =IF(C238="","",IF('Data - Replaced'!FY2="","N/A",IF('Data - Replaced'!FY2<Specifications!$D$3,"PASS","FAIL"))) -> N/A | E238: Seal Test Failure error replaced per D12547 Rev FK
A239: =IF('Data - Replaced'!C3="","",'Data - Replaced'!C3) -> 04_1_14X | B239: =IF('Data - Replaced'!L3="","",'Data - Replaced'!L3) -> S | C239: Seal Test Failure | D239: N/A | E239: Seal Test Failure error replaced per D12547 Rev FK
A240: =IF('Data - Replaced'!C4="","",'Data - Replaced'!C4) -> C15NOV23D_03_1_14X | B240: =IF('Data - Replaced'!L4="","",'Data - Replaced'!L4) -> ERROR | C240: N/A | D240: =IF(C240="","",IF('Data - Replaced'!FY4="","N/A",IF('Data - Replaced'!FY4<Specifications!$D$3,"PASS","FAIL"))) -> PASS | E240: Instrument error replaced per D12547 Rev FK
A241: =IF('Data - Replaced'!C5="","",'Data - Replaced'!C5) -> C15NOV23D_03_1_15+ | B241: =IF('Data - Replaced'!L5="","",'Data - Replaced'!L5) -> ERROR | C241: N/A | D241: =IF(C241="","",IF('Data - Replaced'!FY5="","N/A",IF('Data - Replaced'!FY5<Specifications!$D$3,"PASS","FAIL"))) -> PASS | E241: Instrument error replaced per D12547 Rev FK
A242: =IF('Data - Replaced'!C6="","",'Data - Replaced'!C6) -> C15NOV23D_03_1_16+ | B242: =IF('Data - Replaced'!L6="","",'Data - Replaced'!L6) -> ERROR | C242: N/A | D242: =IF(C242="","",IF('Data - Replaced'!FY6="","N/A",IF('Data - Replaced'!FY6<Specifications!$D$3,"PASS","FAIL"))) -> PASS | E242: Instrument error replaced per D12547 Rev FK
A243: =IF('Data - Replaced'!C7="","",'Data - Replaced'!C7) -> C15NOV23D_06_1_13AX | B243: =IF('Data - Replaced'!L7="","",'Data - Replaced'!L7) -> ERROR | C243: N/A | D243: =IF(C243="","",IF('Data - Replaced'!FY7="","N/A",IF('Data - Replaced'!FY7<Specifications!$D$3,"PASS","FAIL"))) -> PASS | E243: Instrument error replaced per D12547 Rev FK
A244: =IF('Data - Replaced'!C8="","",'Data - Replaced'!C8) -> C15NOV23D_06_1_13X | B244: =IF('Data - Replaced'!L8="","",'Data - Replaced'!L8) -> S | C244: Seal Test Failure | D244: =IF(C244="","",IF('Data - Replaced'!FY8="","N/A",IF('Data - Replaced'!FY8<Specifications!$D$3,"PASS","FAIL"))) -> N/A | E244: Seal Test Failure error replaced per D12547 Rev FK
A245: N/A | B245: N/A | C245: N/A | D245: =IF(C245="","",IF('Data - Replaced'!FY9="","N/A",IF('Data - Replaced'!FY9<Specifications!$D$3,"PASS","FAIL"))) -> N/A | E245: N/A
A246: N/A | B246: N/A | C246: N/A | D246: =IF(C246="","",IF('Data - Replaced'!FY10="","N/A",IF('Data - Replaced'!FY10<Specifications!$D$3,"PASS","FAIL"))) -> N/A | E246: N/A
A247: N/A | B247: N/A | C247: N/A | D247: =IF(C247="","",IF('Data - Replaced'!FY11="","N/A",IF('Data - Replaced'!FY11<Specifications!$D$3,"PASS","FAIL"))) -> N/A | E247: N/A
A248: N/A | B248: N/A | C248: N/A | D248: =IF(C248="","",IF('Data - Replaced'!FY12="","N/A",IF('Data - Replaced'!FY12<Specifications!$D$3,"PASS","FAIL"))) -> N/A | E248: N/A
A249: N/A | B249: N/A | C249: N/A | D249: =IF(C249="","",IF('Data - Replaced'!FY13="","N/A",IF('Data - Replaced'!FY13<Specifications!$D$3,"PASS","FAIL"))) -> N/A | E249: N/A
A250: N/A | B250: N/A | C250: N/A | D250: =IF(C250="","",IF('Data - Replaced'!FY14="","N/A",IF('Data - Replaced'!FY14<Specifications!$D$3,"PASS","FAIL"))) -> N/A | E250: N/A
A251: N/A | B251: N/A | C251: N/A | D251: =IF(C251="","",IF('Data - Replaced'!FY15="","N/A",IF('Data - Replaced'!FY15<Specifications!$D$3,"PASS","FAIL"))) -> N/A | E251: N/A
A252: N/A | B252: N/A | C252: N/A | D252: =IF(C252="","",IF('Data - Replaced'!FY16="","N/A",IF('Data - Replaced'!FY16<Specifications!$D$3,"PASS","FAIL"))) -> N/A | E252: N/A
A253: N/A | B253: N/A | C253: N/A | D253: =IF(C253="","",IF('Data - Replaced'!FY17="","N/A",IF('Data - Replaced'!FY17<Specifications!$D$3,"PASS","FAIL"))) -> N/A | E253: N/A
A254: N/A | B254: N/A | C254: N/A | D254: =IF(C254="","",IF('Data - Replaced'!FY18="","N/A",IF('Data - Replaced'!FY18<Specifications!$D$3,"PASS","FAIL"))) -> N/A | E254: N/A
A255: N/A | B255: N/A | C255: N/A | D255: =IF(C255="","",IF('Data - Replaced'!FY19="","N/A",IF('Data - Replaced'!FY19<Specifications!$D$3,"PASS","FAIL"))) -> N/A | E255: N/A
A256: N/A | B256: N/A | C256: N/A | D256: =IF(C256="","",IF('Data - Replaced'!FY20="","N/A",IF('Data - Replaced'!FY20<Specifications!$D$3,"PASS","FAIL"))) -> N/A | E256: N/A
... A337: N/A | B337: N/A | C337: N/A | D337: =IF(C337="","",IF('Data - Replaced'!FY101="","N/A",IF('Data - Replaced'!FY101<Specifications!$D$3,"PASS","FAIL"))) -> N/A | E337: N/A
A339: Recorded By: | B339: Jesper Fredriksson | C339: Date: | D339: 2025 10 26

Sheet Mean Ct Evaluation
G1: Sample Type 0 (Negative) | N1: Sample Type 1 (TBMDR2) | AA1: Sample Type 2 (TBWT)
A2: Data Set | B2: IS1081-IS6110 Ct | C2: IS1081-IS6110 Ct Mean | D2: SPC Ct | E2: SPC Ct Mean | G2: Data Set | H2: IS1081-IS6110 Ct | I2: IS1081-IS6110 Ct Mean per Data Set | J2: SPC Ct | K2: SPC mean per Data Set | N2: Data Set | O2: IS1081-IS6110 Ct | P2: rpo1 Ct | Q2: rpo2 Ct | R2: rpo4 Ct | S2: rpo1 Tm | T2: rpo1 Tm Mean | U2: rpo2 Tm | V2: rpo2 Tm Mean | W2: rpo4 Tm | X2: rpo4 Tm Mean | AA2: Data Set | AB2: IS1081-IS6110 Ct | AC2: rpo1 Ct | AD2: rpo2 Ct | AE2: rpo3 Ct | AF2: rpo4 Ct | AG2: rpo1 Tm | AH2: rpo1 Tm Mean | AI2: rpo2 Tm | AJ2: rpo2 Tm Mean | AK2: rpo3 Tm | AL2: rpo3 Tm Mean | AM2: rpo4 Tm | AN2: rpo4 Tm Mean
A3: First 10 | B3: =IF('Data Summary'!C10="PASS",IF('Data - First 10'!AE2=0,40,'Data - First 10'!AE2),"") -> 40 | C3: =ROUND(AVERAGE(B3:B12),1) -> 40 | D3: =IF('Data Summary'!C10="PASS",'Data - First 10'!Q2,"") -> 24.3 | E3: =ROUND(AVERAGE(D3:D12),1) -> 24 | G3: 1 | H3: =IF('Data Summary'!C25="PASS",IF('Data - Sample Type 0'!AE2=0,40,'Data - Sample Type 0'!AE2),"") -> 40 | I3: =ROUND(AVERAGE(H3:H12),1) -> 40 | J3: =IF('Data Summary'!C25="PASS",IF('Data Summary'!A25="","",'Data - Sample Type 0'!Q2),"") -> 26.3 | K3: =ROUND(AVERAGE(J3:J12),1) -> 24.7 | N3: 1 | O3: =IF('Data Summary'!C130="PASS",IF('Data - Sample Type 1'!AE2=0,40,'Data - Sample Type 1'!AE2),"") -> 27.2 | P3: =IF('Data Summary'!C130="PASS",IF('Data - Sample Type 1'!AS2=0,40,'Data - Sample Type 1'!AS2),"") -> 25 | Q3: =IF('Data Summary'!C130="PASS",IF('Data - Sample Type 1'!BG2=0,40,'Data - Sample Type 1'!BG2),"") -> 25.9 | R3: =IF('Data Summary'!C130="PASS",IF('Data - Sample Type 1'!CI2=0,40,'Data - Sample Type 1'!CI2),"") -> 23.5 | S3: =IF('Data Summary'!C130="PASS",'Data - Sample Type 1'!DK2,"") -> 69.3 | T3: =ROUND(AVERAGE(S3:S10),1) -> 69.2 | U3: =IF('Data Summary'!C130="PASS",'Data - Sample Type 1'!EY2,"") -> 70 | V3: =ROUND(AVERAGE(U3:U10),1) -> 69.9 | W3: =IF('Data Summary'!C130="PASS",'Data - Sample Type 1'!FO2,"") -> 73.5 | X3: =ROUND(AVERAGE(W3:W10),1) -> 73.5 | AA3: 1-5 | AB3: =IF('Data Summary'!C215="PASS",IF('Data - Sample Type 2'!AE2=0,40,'Data - Sample Type 2'!AE2),"") -> 22.4 | AC3: =IF('Data Summary'!C215="PASS",IF('Data - Sample Type 2'!AS2=0,40,'Data - Sample Type 2'!AS2),"") -> 24.7 | AD3: =IF('Data Summary'!C215="PASS",IF('Data - Sample Type 2'!BG2=0,40,'Data - Sample Type 2'!BG2),"") -> 25 | AE3: =IF('Data Summary'!C215="PASS",IF('Data - Sample Type 2'!BU2=0,40,'Data - Sample Type 2'!BU2),"") -> 25.8 | AF3: =IF('Data Summary'!C215="PASS",IF('Data - Sample Type 2'!CI2=0,40,'Data - Sample Type 2'!CI2),"") -> 27.2 | AG3: =IF('Data Summary'!C215="PASS",'Data - Sample Type 2'!DK2,"") -> 69 | AH3: =ROUND(AVERAGE(AG3:AG12),1) -> 69.1 | AI3: =IF('Data Summary'!C215="PASS",'Data - Sample Type 2'!EY2,"") -> 0 | AJ3: =ROUND(AVERAGE(AI3:AI12),1) -> 0 | AK3: =IF('Data Summary'!C215="PASS",'Data - Sample Type 2'!EA2,"") -> 75.5 | AL3: =ROUND(AVERAGE(AK3:AK12),1) -> 75.6 | AM3: =IF('Data Summary'!C215="PASS",'Data - Sample Type 2'!EI2,"") -> 66.8 | AN3: =ROUND(AVERAGE(AM3:AM12),1) -> 66.9
B4: =IF('Data Summary'!C11="PASS",IF('Data - First 10'!AE3=0,40,'Data - First 10'!AE3),"") -> 40 | D4: =IF('Data Summary'!C11="PASS",'Data - First 10'!Q3,"") -> 24.3 | H4: =IF('Data Summary'!C26="PASS",IF('Data - Sample Type 0'!AE3=0,40,'Data - Sample Type 0'!AE3),"") -> 40 | J4: =IF('Data Summary'!C26="PASS",IF('Data Summary'!A26="","",'Data - Sample Type 0'!Q3),"") -> 24 | O4: =IF('Data Summary'!C131="PASS",IF('Data - Sample Type 1'!AE3=0,40,'Data - Sample Type 1'!AE3),"") -> 25.6 | P4: =IF('Data Summary'!C131="PASS",IF('Data - Sample Type 1'!AS3=0,40,'Data - Sample Type 1'!AS3),"") -> 23.5 | Q4: =IF('Data Summary'!C131="PASS",IF('Data - Sample Type 1'!BG3=0,40,'Data - Sample Type 1'!BG3),"") -> 24.8 | R4: =IF('Data Summary'!C131="PASS",IF('Data - Sample Type 1'!CI3=0,40,'Data - Sample Type 1'!CI3),"") -> 22.3 | S4: =IF('Data Summary'!C131="PASS",'Data - Sample Type 1'!DK3,"") -> 69.2 | U4: =IF('Data Summary'!C131="PASS",'Data - Sample Type 1'!EY3,"") -> 70 | W4: =IF('Data Summary'!C131="PASS",'Data - Sample Type 1'!FO3,"") -> 73.5 | AB4: =IF('Data Summary'!C216="PASS",IF('Data - Sample Type 2'!AE3=0,40,'Data - Sample Type 2'!AE3),"") -> 21.1 | AC4: =IF('Data Summary'!C216="PASS",IF('Data - Sample Type 2'!AS3=0,40,'Data - Sample Type 2'!AS3),"") -> 23.6 | AD4: =IF('Data Summary'!C216="PASS",IF('Data - Sample Type 2'!BG3=0,40,'Data - Sample Type 2'!BG3),"") -> 23.6 | AE4: =IF('Data Summary'!C216="PASS",IF('Data - Sample Type 2'!BU3=0,40,'Data - Sample Type 2'!BU3),"") -> 24.7 | AF4: =IF('Data Summary'!C216="PASS",IF('Data - Sample Type 2'!CI3=0,40,'Data - Sample Type 2'!CI3),"") -> 25.8 | AG4: =IF('Data Summary'!C216="PASS",'Data - Sample Type 2'!DK3,"") -> 69 | AI4: =IF('Data Summary'!C216="PASS",'Data - Sample Type 2'!EY3,"") -> 0 | AK4: =IF('Data Summary'!C216="PASS",'Data - Sample Type 2'!EA3,"") -> 75.5 | AM4: =IF('Data Summary'!C216="PASS",'Data - Sample Type 2'!EI3,"") -> 66.9
B5: =IF('Data Summary'!C12="PASS",IF('Data - First 10'!AE4=0,40,'Data - First 10'!AE4),"") -> 40 | D5: =IF('Data Summary'!C12="PASS",'Data - First 10'!Q4,"") -> 24.5 | H5: =IF('Data Summary'!C27="PASS",IF('Data - Sample Type 0'!AE4=0,40,'Data - Sample Type 0'!AE4),"") -> 40 | J5: =IF('Data Summary'!C27="PASS",IF('Data Summary'!A27="","",'Data - Sample Type 0'!Q4),"") -> 23.9 | O5: =IF('Data Summary'!C132="PASS",IF('Data - Sample Type 1'!AE4=0,40,'Data - Sample Type 1'!AE4),"") -> 26.3 | P5: =IF('Data Summary'!C132="PASS",IF('Data - Sample Type 1'!AS4=0,40,'Data - Sample Type 1'!AS4),"") -> 23.5 | Q5: =IF('Data Summary'!C132="PASS",IF('Data - Sample Type 1'!BG4=0,40,'Data - Sample Type 1'!BG4),"") -> 24.6 | R5: =IF('Data Summary'!C132="PASS",IF('Data - Sample Type 1'!CI4=0,40,'Data - Sample Type 1'!CI4),"") -> 22.2 | S5: =IF('Data Summary'!C132="PASS",'Data - Sample Type 1'!DK4,"") -> 69.1 | U5: =IF('Data Summary'!C132="PASS",'Data - Sample Type 1'!EY4,"") -> 69.9 | W5: =IF('Data Summary'!C132="PASS",'Data - Sample Type 1'!FO4,"") -> 73.4 | AB5: =IF('Data Summary'!C217="PASS",IF('Data - Sample Type 2'!AE4=0,40,'Data - Sample Type 2'!AE4),"") -> 23.1 | AC5: =IF('Data Summary'!C217="PASS",IF('Data - Sample Type 2'!AS4=0,40,'Data - Sample Type 2'!AS4),"") -> 25 | AD5: =IF('Data Summary'!C217="PASS",IF('Data - Sample Type 2'!BG4=0,40,'Data - Sample Type 2'!BG4),"") -> 25.1 | AE5: =IF('Data Summary'!C217="PASS",IF('Data - Sample Type 2'!BU4=0,40,'Data - Sample Type 2'!BU4),"") -> 26.4 | AF5: =IF('Data Summary'!C217="PASS",IF('Data - Sample Type 2'!CI4=0,40,'Data - Sample Type 2'!CI4),"") -> 27.4 | AG5: =IF('Data Summary'!C217="PASS",'Data - Sample Type 2'!DK4,"") -> 69.3 | AI5: =IF('Data Summary'!C217="PASS",'Data - Sample Type 2'!EY4,"") -> 0 | AK5: =IF('Data Summary'!C217="PASS",'Data - Sample Type 2'!EA4,"") -> 75.8 | AM5: =IF('Data Summary'!C217="PASS",'Data - Sample Type 2'!EI4,"") -> 67
B6: =IF('Data Summary'!C13="PASS",IF('Data - First 10'!AE5=0,40,'Data - First 10'!AE5),"") -> 40 | D6: =IF('Data Summary'!C13="PASS",'Data - First 10'!Q5,"") -> 23.2 | H6: =IF('Data Summary'!C28="PASS",IF('Data - Sample Type 0'!AE5=0,40,'Data - Sample Type 0'!AE5),"") -> 40 | J6: =IF('Data Summary'!C28="PASS",IF('Data Summary'!A28="","",'Data - Sample Type 0'!Q5),"") -> 23.7 | O6: =IF('Data Summary'!C133="PASS",IF('Data - Sample Type 1'!AE5=0,40,'Data - Sample Type 1'!AE5),"") -> 26.4 | P6: =IF('Data Summary'!C133="PASS",IF('Data - Sample Type 1'!AS5=0,40,'Data - Sample Type 1'!AS5),"") -> 23.8 | Q6: =IF('Data Summary'!C133="PASS",IF('Data - Sample Type 1'!BG5=0,40,'Data - Sample Type 1'!BG5),"") -> 24.9 | R6: =IF('Data Summary'!C133="PASS",IF('Data - Sample Type 1'!CI5=0,40,'Data - Sample Type 1'!CI5),"") -> 22.6 | S6: =IF('Data Summary'!C133="PASS",'Data - Sample Type 1'!DK5,"") -> 69.1 | U6: =IF('Data Summary'!C133="PASS",'Data - Sample Type 1'!EY5,"") -> 69.8 | W6: =IF('Data Summary'!C133="PASS",'Data - Sample Type 1'!FO5,"") -> 73.3 | AB6: =IF('Data Summary'!C218="PASS",IF('Data - Sample Type 2'!AE5=0,40,'Data - Sample Type 2'!AE5),"") -> 23.8 | AC6: =IF('Data Summary'!C218="PASS",IF('Data - Sample Type 2'!AS5=0,40,'Data - Sample Type 2'!AS5),"") -> 26.1 | AD6: =IF('Data Summary'!C218="PASS",IF('Data - Sample Type 2'!BG5=0,40,'Data - Sample Type 2'!BG5),"") -> 26.3 | AE6: =IF('Data Summary'!C218="PASS",IF('Data - Sample Type 2'!BU5=0,40,'Data - Sample Type 2'!BU5),"") -> 27.8 | AF6: =IF('Data Summary'!C218="PASS",IF('Data - Sample Type 2'!CI5=0,40,'Data - Sample Type 2'!CI5),"") -> 28.7 | AG6: =IF('Data Summary'!C218="PASS",'Data - Sample Type 2'!DK5,"") -> 69 | AI6: =IF('Data Summary'!C218="PASS",'Data - Sample Type 2'!EY5,"") -> 0 | AK6: =IF('Data Summary'!C218="PASS",'Data - Sample Type 2'!EA5,"") -> 75.4 | AM6: =IF('Data Summary'!C218="PASS",'Data - Sample Type 2'!EI5,"") -> 66.6
B7: =IF('Data Summary'!C14="PASS",IF('Data - First 10'!AE6=0,40,'Data - First 10'!AE6),"") -> 40 | D7: =IF('Data Summary'!C14="PASS",'Data - First 10'!Q6,"") -> 21.6 | H7: =IF('Data Summary'!C29="PASS",IF('Data - Sample Type 0'!AE6=0,40,'Data - Sample Type 0'!AE6),"") -> 40 | J7: =IF('Data Summary'!C29="PASS",IF('Data Summary'!A29="","",'Data - Sample Type 0'!Q6),"") -> 27.1 | O7: =IF('Data Summary'!C134="PASS",IF('Data - Sample Type 1'!AE6=0,40,'Data - Sample Type 1'!AE6),"") -> 26.8 | P7: =IF('Data Summary'!C134="PASS",IF('Data - Sample Type 1'!AS6=0,40,'Data - Sample Type 1'!AS6),"") -> 24 | Q7: =IF('Data Summary'!C134="PASS",IF('Data - Sample Type 1'!BG6=0,40,'Data - Sample Type 1'!BG6),"") -> 24.7 | R7: =IF('Data Summary'!C134="PASS",IF('Data - Sample Type 1'!CI6=0,40,'Data - Sample Type 1'!CI6),"") -> 22.6 | S7: =IF('Data Summary'!C134="PASS",'Data - Sample Type 1'!DK6,"") -> 69.2 | T7: =IF(COUNTIF(S3:S10,">0")=8-COUNTIF(S3:S10,""),"PASS","FAIL") -> PASS | U7: =IF('Data Summary'!C134="PASS",'Data - Sample Type 1'!EY6,"") -> 69.8 | V7: =IF(COUNTIF(U3:U10,">0")=8-COUNTIF(U3:U10,""),"PASS","FAIL") -> PASS | W7: =IF('Data Summary'!C134="PASS",'Data - Sample Type 1'!FO6,"") -> 73.4 | X7: =IF(COUNTIF(W3:W10,">0")=8-COUNTIF(W3:W10,""),"PASS","FAIL") -> PASS | AB7: =IF('Data Summary'!C219="PASS",IF('Data - Sample Type 2'!AE6=0,40,'Data - Sample Type 2'!AE6),"") | AC7: =IF('Data Summary'!C219="PASS",IF('Data - Sample Type 2'!AS6=0,40,'Data - Sample Type 2'!AS6),"") | AD7: =IF('Data Summary'!C219="PASS",IF('Data - Sample Type 2'!BG6=0,40,'Data - Sample Type 2'!BG6),"") | AE7: =IF('Data Summary'!C219="PASS",IF('Data - Sample Type 2'!BU6=0,40,'Data - Sample Type 2'!BU6),"") | AF7: =IF('Data Summary'!C219="PASS",IF('Data - Sample Type 2'!CI6=0,40,'Data - Sample Type 2'!CI6),"") | AG7: =IF('Data Summary'!C219="PASS",'Data - Sample Type 2'!DK6,"") | AI7: =IF('Data Summary'!C219="PASS",'Data - Sample Type 2'!EY6,"") | AK7: =IF('Data Summary'!C219="PASS",'Data - Sample Type 2'!EA6,"") | AM7: =IF('Data Summary'!C219="PASS",'Data - Sample Type 2'!EI6,"")
B8: =IF('Data Summary'!C15="PASS",IF('Data - First 10'!AE7=0,40,'Data - First 10'!AE7),"") -> 40 | C8: =IF(C3>=Specifications!$D$26,"PASS","FAIL") -> PASS | D8: =IF('Data Summary'!C15="PASS",'Data - First 10'!Q7,"") -> 23.9 | E8: =IF(E3<=Specifications!$B$26,"PASS","FAIL") -> PASS | H8: =IF('Data Summary'!C30="PASS",IF('Data - Sample Type 0'!AE7=0,40,'Data - Sample Type 0'!AE7),"") -> 40 | I8: =IF(I3>=Specifications!$D$26,"PASS","FAIL") -> PASS | J8: =IF('Data Summary'!C30="PASS",IF('Data Summary'!A30="","",'Data - Sample Type 0'!Q7),"") -> 23.6 | K8: =IF(K3<=Specifications!$B$26,"PASS","FAIL") -> PASS | O8: =IF('Data Summary'!C135="PASS",IF('Data - Sample Type 1'!AE7=0,40,'Data - Sample Type 1'!AE7),"") -> 26.2 | P8: =IF('Data Summary'!C135="PASS",IF('Data - Sample Type 1'!AS7=0,40,'Data - Sample Type 1'!AS7),"") -> 23.4 | Q8: =IF('Data Summary'!C135="PASS",IF('Data - Sample Type 1'!BG7=0,40,'Data - Sample Type 1'!BG7),"") -> 24.6 | R8: =IF('Data Summary'!C135="PASS",IF('Data - Sample Type 1'!CI7=0,40,'Data - Sample Type 1'!CI7),"") -> 22.4 | S8: =IF('Data Summary'!C135="PASS",'Data - Sample Type 1'!DK7,"") -> 69.4 | U8: =IF('Data Summary'!C135="PASS",'Data - Sample Type 1'!EY7,"") -> 70.1 | W8: =IF('Data Summary'!C135="PASS",'Data - Sample Type 1'!FO7,"") -> 73.6 | AB8: =IF('Data Summary'!C220="PASS",IF('Data - Sample Type 2'!AE7=0,40,'Data - Sample Type 2'!AE7),"") -> 24.4 | AC8: =IF('Data Summary'!C220="PASS",IF('Data - Sample Type 2'!AS7=0,40,'Data - Sample Type 2'!AS7),"") -> 25.2 | AD8: =IF('Data Summary'!C220="PASS",IF('Data - Sample Type 2'!BG7=0,40,'Data - Sample Type 2'!BG7),"") -> 25.2 | AE8: =IF('Data Summary'!C220="PASS",IF('Data - Sample Type 2'!BU7=0,40,'Data - Sample Type 2'!BU7),"") -> 26.1 | AF8: =IF('Data Summary'!C220="PASS",IF('Data - Sample Type 2'!CI7=0,40,'Data - Sample Type 2'!CI7),"") -> 27.4 | AG8: =IF('Data Summary'!C220="PASS",'Data - Sample Type 2'!DK7,"") -> 69.2 | AH8: =IF(COUNTIF('Data - Sample Type 2'!$A$2:$A$11,"<>"&"")>=10,IF(COUNTIF(AG3:AG12,">0")=10-COUNTIF(AG3:AG12,""),"PASS","FAIL"),"Not enough data") -> PASS | AI8: =IF('Data Summary'!C220="PASS",'Data - Sample Type 2'!EY7,"") -> 0 | AJ8: =IF(COUNTIF('Data - Sample Type 2'!$A$2:$A$11,"<>"&"")>=10,IF(COUNTIF(AI3:AI12,"=0")=10-COUNTIF(AI3:AI12,""),"PASS","FAIL"),"Not enough data") -> PASS | AK8: =IF('Data Summary'!C220="PASS",'Data - Sample Type 2'!EA7,"") -> 75.7 | AL8: =IF(COUNTIF('Data - Sample Type 2'!$A$2:$A$11,"<>"&"")>=10,IF(COUNTIF(AK3:AK12,">0")=10-COUNTIF(AK3:AK12,""),"PASS","FAIL"),"Not enough data") -> PASS | AM8: =IF('Data Summary'!C220="PASS",'Data - Sample Type 2'!EI7,"") -> 67 | AN8: =IF(COUNTIF('Data - Sample Type 2'!$A$2:$A$11,"<>"&"")>=10,IF(COUNTIF(AM3:AM12,">0")=10-COUNTIF(AM3:AM12,""),"PASS","FAIL"),"Not enough data") -> PASS
B9: =IF('Data Summary'!C16="PASS",IF('Data - First 10'!AE8=0,40,'Data - First 10'!AE8),"") -> 40 | D9: =IF('Data Summary'!C16="PASS",'Data - First 10'!Q8,"") -> 24.5 | H9: =IF('Data Summary'!C31="PASS",IF('Data - Sample Type 0'!AE8=0,40,'Data - Sample Type 0'!AE8),"") -> 40 | J9: =IF('Data Summary'!C31="PASS",IF('Data Summary'!A31="","",'Data - Sample Type 0'!Q8),"") -> 23.3 | O9: =IF('Data Summary'!C136="PASS",IF('Data - Sample Type 1'!AE8=0,40,'Data - Sample Type 1'!AE8),"") -> 26.8 | P9: =IF('Data Summary'!C136="PASS",IF('Data - Sample Type 1'!AS8=0,40,'Data - Sample Type 1'!AS8),"") -> 24.6 | Q9: =IF('Data Summary'!C136="PASS",IF('Data - Sample Type 1'!BG8=0,40,'Data - Sample Type 1'!BG8),"") -> 26.1 | R9: =IF('Data Summary'!C136="PASS",IF('Data - Sample Type 1'!CI8=0,40,'Data - Sample Type 1'!CI8),"") -> 23.2 | S9: =IF('Data Summary'!C136="PASS",'Data - Sample Type 1'!DK8,"") -> 69.3 | U9: =IF('Data Summary'!C136="PASS",'Data - Sample Type 1'!EY8,"") -> 69.9 | W9: =IF('Data Summary'!C136="PASS",'Data - Sample Type 1'!FO8,"") -> 73.5 | AB9: =IF('Data Summary'!C221="PASS",IF('Data - Sample Type 2'!AE8=0,40,'Data - Sample Type 2'!AE8),"") | AC9: =IF('Data Summary'!C221="PASS",IF('Data - Sample Type 2'!AS8=0,40,'Data - Sample Type 2'!AS8),"") | AD9: =IF('Data Summary'!C221="PASS",IF('Data - Sample Type 2'!BG8=0,40,'Data - Sample Type 2'!BG8),"") | AE9: =IF('Data Summary'!C221="PASS",IF('Data - Sample Type 2'!BU8=0,40,'Data - Sample Type 2'!BU8),"") | AF9: =IF('Data Summary'!C221="PASS",IF('Data - Sample Type 2'!CI8=0,40,'Data - Sample Type 2'!CI8),"") | AG9: =IF('Data Summary'!C221="PASS",'Data - Sample Type 2'!DK8,"") | AI9: =IF('Data Summary'!C221="PASS",'Data - Sample Type 2'!EY8,"") | AK9: =IF('Data Summary'!C221="PASS",'Data - Sample Type 2'!EA8,"") | AM9: =IF('Data Summary'!C221="PASS",'Data - Sample Type 2'!EI8,"")
B10: =IF('Data Summary'!C17="PASS",IF('Data - First 10'!AE9=0,40,'Data - First 10'!AE9),"") -> 40 | D10: =IF('Data Summary'!C17="PASS",'Data - First 10'!Q9,"") -> 24.6 | H10: =IF('Data Summary'!C32="PASS",IF('Data - Sample Type 0'!AE9=0,40,'Data - Sample Type 0'!AE9),"") -> 40 | J10: =IF('Data Summary'!C32="PASS",IF('Data Summary'!A32="","",'Data - Sample Type 0'!Q9),"") -> 25.8 | O10: =IF('Data Summary'!C137="PASS",IF('Data - Sample Type 1'!AE9=0,40,'Data - Sample Type 1'!AE9),"") -> 25.9 | P10: =IF('Data Summary'!C137="PASS",IF('Data - Sample Type 1'!AS9=0,40,'Data - Sample Type 1'!AS9),"") -> 23 | Q10: =IF('Data Summary'!C137="PASS",IF('Data - Sample Type 1'!BG9=0,40,'Data - Sample Type 1'!BG9),"") -> 24 | R10: =IF('Data Summary'!C137="PASS",IF('Data - Sample Type 1'!CI9=0,40,'Data - Sample Type 1'!CI9),"") -> 21.6 | S10: =IF('Data Summary'!C137="PASS",'Data - Sample Type 1'!DK9,"") -> 69.3 | U10: =IF('Data Summary'!C137="PASS",'Data - Sample Type 1'!EY9,"") -> 69.9 | W10: =IF('Data Summary'!C137="PASS",'Data - Sample Type 1'!FO9,"") -> 73.5 | AB10: =IF('Data Summary'!C222="PASS",IF('Data - Sample Type 2'!AE9=0,40,'Data - Sample Type 2'!AE9),"") -> 23 | AC10: =IF('Data Summary'!C222="PASS",IF('Data - Sample Type 2'!AS9=0,40,'Data - Sample Type 2'!AS9),"") -> 25.2 | AD10: =IF('Data Summary'!C222="PASS",IF('Data - Sample Type 2'!BG9=0,40,'Data - Sample Type 2'!BG9),"") -> 25.1 | AE10: =IF('Data Summary'!C222="PASS",IF('Data - Sample Type 2'!BU9=0,40,'Data - Sample Type 2'!BU9),"") -> 26.1 | AF10: =IF('Data Summary'!C222="PASS",IF('Data - Sample Type 2'!CI9=0,40,'Data - Sample Type 2'!CI9),"") -> 26.6 | AG10: =IF('Data Summary'!C222="PASS",'Data - Sample Type 2'!DK9,"") -> 69.1 | AI10: =IF('Data Summary'!C222="PASS",'Data - Sample Type 2'!EY9,"") -> 0 | AK10: =IF('Data Summary'!C222="PASS",'Data - Sample Type 2'!EA9,"") -> 75.6 | AM10: =IF('Data Summary'!C222="PASS",'Data - Sample Type 2'!EI9,"") -> 66.8
B11: =IF('Data Summary'!C18="PASS",IF('Data - First 10'!AE10=0,40,'Data - First 10'!AE10),"") -> 40 | D11: =IF('Data Summary'!C18="PASS",'Data - First 10'!Q10,"") -> 24.4 | H11: =IF('Data Summary'!C33="PASS",IF('Data - Sample Type 0'!AE10=0,40,'Data - Sample Type 0'!AE10),"") -> 40 | J11: =IF('Data Summary'!C33="PASS",IF('Data Summary'!A33="","",'Data - Sample Type 0'!Q10),"") -> 25 | N11: 2 | O11: =IF('Data Summary'!C138="PASS",IF('Data - Sample Type 1'!AE10=0,40,'Data - Sample Type 1'!AE10),"") -> 25.8 | P11: =IF('Data Summary'!C138="PASS",IF('Data - Sample Type 1'!AS10=0,40,'Data - Sample Type 1'!AS10),"") -> 23.8 | Q11: =IF('Data Summary'!C138="PASS",IF('Data - Sample Type 1'!BG10=0,40,'Data - Sample Type 1'!BG10),"") -> 23.8 | R11: =IF('Data Summary'!C138="PASS",IF('Data - Sample Type 1'!CI10=0,40,'Data - Sample Type 1'!CI10),"") -> 22.1 | S11: =IF('Data Summary'!C138="PASS",'Data - Sample Type 1'!DK10,"") -> 69.3 | T11: =ROUND(AVERAGE(S11:S18),1) -> 69.3 | U11: =IF('Data Summary'!C138="PASS",'Data - Sample Type 1'!EY10,"") -> 70.1 | V11: =ROUND(AVERAGE(U11:U18),1) -> 70 | W11: =IF('Data Summary'!C138="PASS",'Data - Sample Type 1'!FO10,"") -> 73.6 | X11: =ROUND(AVERAGE(W11:W18),1) -> 73.5 | AB11: =IF('Data Summary'!C223="PASS",IF('Data - Sample Type 2'!AE10=0,40,'Data - Sample Type 2'!AE10),"") -> 22.7 | AC11: =IF('Data Summary'!C223="PASS",IF('Data - Sample Type 2'!AS10=0,40,'Data - Sample Type 2'!AS10),"") -> 24.3 | AD11: =IF('Data Summary'!C223="PASS",IF('Data - Sample Type 2'!BG10=0,40,'Data - Sample Type 2'!BG10),"") -> 24.5 | AE11: =IF('Data Summary'!C223="PASS",IF('Data - Sample Type 2'!BU10=0,40,'Data - Sample Type 2'!BU10),"") -> 25.8 | AF11: =IF('Data Summary'!C223="PASS",IF('Data - Sample Type 2'!CI10=0,40,'Data - Sample Type 2'!CI10),"") -> 26.7 | AG11: =IF('Data Summary'!C223="PASS",'Data - Sample Type 2'!DK10,"") -> 69.2 | AI11: =IF('Data Summary'!C223="PASS",'Data - Sample Type 2'!EY10,"") -> 0 | AK11: =IF('Data Summary'!C223="PASS",'Data - Sample Type 2'!EA10,"") -> 75.7 | AM11: =IF('Data Summary'!C223="PASS",'Data - Sample Type 2'!EI10,"") -> 67
B12: =IF('Data Summary'!C19="PASS",IF('Data - First 10'!AE11=0,40,'Data - First 10'!AE11),"") -> 40 | D12: =IF('Data Summary'!C19="PASS",'Data - First 10'!Q11,"") -> 25 | H12: =IF('Data Summary'!C34="PASS",IF('Data - Sample Type 0'!AE11=0,40,'Data - Sample Type 0'!AE11),"") -> 40 | J12: =IF('Data Summary'!C34="PASS",IF('Data Summary'!A34="","",'Data - Sample Type 0'!Q11),"") -> 24.2 | O12: =IF('Data Summary'!C139="PASS",IF('Data - Sample Type 1'!AE11=0,40,'Data - Sample Type 1'!AE11),"") | P12: =IF('Data Summary'!C139="PASS",IF('Data - Sample Type 1'!AS11=0,40,'Data - Sample Type 1'!AS11),"") | Q12: =IF('Data Summary'!C139="PASS",IF('Data - Sample Type 1'!BG11=0,40,'Data - Sample Type 1'!BG11),"") | R12: =IF('Data Summary'!C139="PASS",IF('Data - Sample Type 1'!CI11=0,40,'Data - Sample Type 1'!CI11),"") | S12: =IF('Data Summary'!C139="PASS",'Data - Sample Type 1'!DK11,"") | U12: =IF('Data Summary'!C139="PASS",'Data - Sample Type 1'!EY11,"") | W12: =IF('Data Summary'!C139="PASS",'Data - Sample Type 1'!FO11,"") | AB12: =IF('Data Summary'!C224="PASS",IF('Data - Sample Type 2'!AE11=0,40,'Data - Sample Type 2'!AE11),"") -> 23 | AC12: =IF('Data Summary'!C224="PASS",IF('Data - Sample Type 2'!AS11=0,40,'Data - Sample Type 2'!AS11),"") -> 25.1 | AD12: =IF('Data Summary'!C224="PASS",IF('Data - Sample Type 2'!BG11=0,40,'Data - Sample Type 2'!BG11),"") -> 24.8 | AE12: =IF('Data Summary'!C224="PASS",IF('Data - Sample Type 2'!BU11=0,40,'Data - Sample Type 2'!BU11),"") -> 25.7 | AF12: =IF('Data Summary'!C224="PASS",IF('Data - Sample Type 2'!CI11=0,40,'Data - Sample Type 2'!CI11),"") -> 27.2 | AG12: =IF('Data Summary'!C224="PASS",'Data - Sample Type 2'!DK11,"") -> 69.2 | AI12: =IF('Data Summary'!C224="PASS",'Data - Sample Type 2'!EY11,"") -> 0 | AK12: =IF('Data Summary'!C224="PASS",'Data - Sample Type 2'!EA11,"") -> 75.7 | AM12: =IF('Data Summary'!C224="PASS",'Data - Sample Type 2'!EI11,"") -> 66.9
G13: 2 | H13: =IF('Data Summary'!C35="PASS",IF('Data - Sample Type 0'!AE12=0,40,'Data - Sample Type 0'!AE12),"") -> 40 | I13: =ROUND(AVERAGE(H13:H22),1) -> 40 | J13: =IF('Data Summary'!C35="PASS",IF('Data Summary'!A35="","",'Data - Sample Type 0'!Q12),"") -> 24.4 | K13: =ROUND(AVERAGE(J13:J22),1) -> 24.7 | O13: =IF('Data Summary'!C140="PASS",IF('Data - Sample Type 1'!AE12=0,40,'Data - Sample Type 1'!AE12),"") -> 25.5 | P13: =IF('Data Summary'!C140="PASS",IF('Data - Sample Type 1'!AS12=0,40,'Data - Sample Type 1'!AS12),"") -> 23.6 | Q13: =IF('Data Summary'!C140="PASS",IF('Data - Sample Type 1'!BG12=0,40,'Data - Sample Type 1'!BG12),"") -> 24.5 | R13: =IF('Data Summary'!C140="PASS",IF('Data - Sample Type 1'!CI12=0,40,'Data - Sample Type 1'!CI12),"") -> 22.1 | S13: =IF('Data Summary'!C140="PASS",'Data - Sample Type 1'!DK12,"") -> 69.4 | U13: =IF('Data Summary'!C140="PASS",'Data - Sample Type 1'!EY12,"") -> 70.1 | W13: =IF('Data Summary'!C140="PASS",'Data - Sample Type 1'!FO12,"") -> 73.6 | AA13: 6-10 | AB13: =IF('Data Summary'!C225="PASS",IF('Data - Sample Type 2'!AE12=0,40,'Data - Sample Type 2'!AE12),"") -> 24 | AC13: =IF('Data Summary'!C225="PASS",IF('Data - Sample Type 2'!AS12=0,40,'Data - Sample Type 2'!AS12),"") -> 25.4 | AD13: =IF('Data Summary'!C225="PASS",IF('Data - Sample Type 2'!BG12=0,40,'Data - Sample Type 2'!BG12),"") -> 25.3 | AE13: =IF('Data Summary'!C225="PASS",IF('Data - Sample Type 2'!BU12=0,40,'Data - Sample Type 2'!BU12),"") -> 26.3 | AF13: =IF('Data Summary'!C225="PASS",IF('Data - Sample Type 2'!CI12=0,40,'Data - Sample Type 2'!CI12),"") -> 26.8 | AG13: =IF('Data Summary'!C225="PASS",'Data - Sample Type 2'!DK12,"") -> 69.3 | AH13: =ROUND(AVERAGE(AG13:AG22),1) -> 69.2 | AI13: =IF('Data Summary'!C225="PASS",'Data - Sample Type 2'!EY12,"") -> 0 | AJ13: =ROUND(AVERAGE(AI13:AI22),1) -> 0 | AK13: =IF('Data Summary'!C225="PASS",'Data - Sample Type 2'!EA12,"") -> 75.7 | AL13: =ROUND(AVERAGE(AK13:AK22),1) -> 75.6 | AM13: =IF('Data Summary'!C225="PASS",'Data - Sample Type 2'!EI12,"") -> 66.8 | AN13: =ROUND(AVERAGE(AM13:AM22),1) -> 66.9
G14: 2 | H14: =IF('Data Summary'!C36="PASS",IF('Data - Sample Type 0'!AE13=0,40,'Data - Sample Type 0'!AE13),"") -> 40 | J14: =IF('Data Summary'!C36="PASS",IF('Data Summary'!A36="","",'Data - Sample Type 0'!Q13),"") -> 24.4 | O14: =IF('Data Summary'!C141="PASS",IF('Data - Sample Type 1'!AE13=0,40,'Data - Sample Type 1'!AE13),"") -> 24.9 | P14: =IF('Data Summary'!C141="PASS",IF('Data - Sample Type 1'!AS13=0,40,'Data - Sample Type 1'!AS13),"") -> 23 | Q14: =IF('Data Summary'!C141="PASS",IF('Data - Sample Type 1'!BG13=0,40,'Data - Sample Type 1'!BG13),"") -> 24.2 | R14: =IF('Data Summary'!C141="PASS",IF('Data - Sample Type 1'!CI13=0,40,'Data - Sample Type 1'!CI13),"") -> 21.7 | S14: =IF('Data Summary'!C141="PASS",'Data - Sample Type 1'!DK13,"") -> 69.3 | U14: =IF('Data Summary'!C141="PASS",'Data - Sample Type 1'!EY13,"") -> 70.1 | W14: =IF('Data Summary'!C141="PASS",'Data - Sample Type 1'!FO13,"") -> 73.6 | AB14: =IF('Data Summary'!C226="PASS",IF('Data - Sample Type 2'!AE13=0,40,'Data - Sample Type 2'!AE13),"") | AC14: =IF('Data Summary'!C226="PASS",IF('Data - Sample Type 2'!AS13=0,40,'Data - Sample Type 2'!AS13),"") | AD14: =IF('Data Summary'!C226="PASS",IF('Data - Sample Type 2'!BG13=0,40,'Data - Sample Type 2'!BG13),"") | AE14: =IF('Data Summary'!C226="PASS",IF('Data - Sample Type 2'!BU13=0,40,'Data - Sample Type 2'!BU13),"") | AF14: =IF('Data Summary'!C226="PASS",IF('Data - Sample Type 2'!CI13=0,40,'Data - Sample Type 2'!CI13),"") | AG14: =IF('Data Summary'!C226="PASS",'Data - Sample Type 2'!DK13,"") | AI14: =IF('Data Summary'!C226="PASS",'Data - Sample Type 2'!EY13,"") | AK14: =IF('Data Summary'!C226="PASS",'Data - Sample Type 2'!EA13,"") | AM14: =IF('Data Summary'!C226="PASS",'Data - Sample Type 2'!EI13,"")
H15: =IF('Data Summary'!C37="PASS",IF('Data - Sample Type 0'!AE14=0,40,'Data - Sample Type 0'!AE14),"") -> 40 | J15: =IF('Data Summary'!C37="PASS",IF('Data Summary'!A37="","",'Data - Sample Type 0'!Q14),"") -> 24.4 | O15: =IF('Data Summary'!C142="PASS",IF('Data - Sample Type 1'!AE14=0,40,'Data - Sample Type 1'!AE14),"") -> 26.7 | P15: =IF('Data Summary'!C142="PASS",IF('Data - Sample Type 1'!AS14=0,40,'Data - Sample Type 1'!AS14),"") -> 23.8 | Q15: =IF('Data Summary'!C142="PASS",IF('Data - Sample Type 1'!BG14=0,40,'Data - Sample Type 1'!BG14),"") -> 24.9 | R15: =IF('Data Summary'!C142="PASS",IF('Data - Sample Type 1'!CI14=0,40,'Data - Sample Type 1'!CI14),"") -> 22.4 | S15: =IF('Data Summary'!C142="PASS",'Data - Sample Type 1'!DK14,"") -> 69.1 | T15: =IF(COUNTIF(S11:S18,">0")=8-COUNTIF(S11:S18,""),"PASS","FAIL") -> PASS | U15: =IF('Data Summary'!C142="PASS",'Data - Sample Type 1'!EY14,"") -> 69.8 | V15: =IF(COUNTIF(U11:U18,">0")=8-COUNTIF(U11:U18,""),"PASS","FAIL") -> PASS | W15: =IF('Data Summary'!C142="PASS",'Data - Sample Type 1'!FO14,"") -> 73.3 | X15: =IF(COUNTIF(W11:W18,">0")=8-COUNTIF(W11:W18,""),"PASS","FAIL") -> PASS | AB15: =IF('Data Summary'!C227="PASS",IF('Data - Sample Type 2'!AE14=0,40,'Data - Sample Type 2'!AE14),"") -> 23 | AC15: =IF('Data Summary'!C227="PASS",IF('Data - Sample Type 2'!AS14=0,40,'Data - Sample Type 2'!AS14),"") -> 24.6 | AD15: =IF('Data Summary'!C227="PASS",IF('Data - Sample Type 2'!BG14=0,40,'Data - Sample Type 2'!BG14),"") -> 24.7 | AE15: =IF('Data Summary'!C227="PASS",IF('Data - Sample Type 2'!BU14=0,40,'Data - Sample Type 2'!BU14),"") -> 25.8 | AF15: =IF('Data Summary'!C227="PASS",IF('Data - Sample Type 2'!CI14=0,40,'Data - Sample Type 2'!CI14),"") -> 27.4 | AG15: =IF('Data Summary'!C227="PASS",'Data - Sample Type 2'!DK14,"") -> 69.2 | AI15: =IF('Data Summary'!C227="PASS",'Data - Sample Type 2'!EY14,"") -> 0 | AK15: =IF('Data Summary'!C227="PASS",'Data - Sample Type 2'!EA14,"") -> 75.7 | AM15: =IF('Data Summary'!C227="PASS",'Data - Sample Type 2'!EI14,"") -> 67
H16: =IF('Data Summary'!C38="PASS",IF('Data - Sample Type 0'!AE15=0,40,'Data - Sample Type 0'!AE15),"") -> 40 | J16: =IF('Data Summary'!C38="PASS",IF('Data Summary'!A38="","",'Data - Sample Type 0'!Q15),"") -> 24.1 | O16: =IF('Data Summary'!C143="PASS",IF('Data - Sample Type 1'!AE15=0,40,'Data - Sample Type 1'!AE15),"") -> 25.4 | P16: =IF('Data Summary'!C143="PASS",IF('Data - Sample Type 1'!AS15=0,40,'Data - Sample Type 1'!AS15),"") -> 23 | Q16: =IF('Data Summary'!C143="PASS",IF('Data - Sample Type 1'!BG15=0,40,'Data - Sample Type 1'!BG15),"") -> 24.1 | R16: =IF('Data Summary'!C143="PASS",IF('Data - Sample Type 1'!CI15=0,40,'Data - Sample Type 1'!CI15),"") -> 21.8 | S16: =IF('Data Summary'!C143="PASS",'Data - Sample Type 1'!DK15,"") -> 69.2 | U16: =IF('Data Summary'!C143="PASS",'Data - Sample Type 1'!EY15,"") -> 69.8 | W16: =IF('Data Summary'!C143="PASS",'Data - Sample Type 1'!FO15,"") -> 73.4 | AB16: =IF('Data Summary'!C228="PASS",IF('Data - Sample Type 2'!AE15=0,40,'Data - Sample Type 2'!AE15),"") -> 23.1 | AC16: =IF('Data Summary'!C228="PASS",IF('Data - Sample Type 2'!AS15=0,40,'Data - Sample Type 2'!AS15),"") -> 25.1 | AD16: =IF('Data Summary'!C228="PASS",IF('Data - Sample Type 2'!BG15=0,40,'Data - Sample Type 2'!BG15),"") -> 25 | AE16: =IF('Data Summary'!C228="PASS",IF('Data - Sample Type 2'!BU15=0,40,'Data - Sample Type 2'!BU15),"") -> 26.2 | AF16: =IF('Data Summary'!C228="PASS",IF('Data - Sample Type 2'!CI15=0,40,'Data - Sample Type 2'!CI15),"") -> 27.6 | AG16: =IF('Data Summary'!C228="PASS",'Data - Sample Type 2'!DK15,"") -> 69.1 | AI16: =IF('Data Summary'!C228="PASS",'Data - Sample Type 2'!EY15,"") -> 0 | AK16: =IF('Data Summary'!C228="PASS",'Data - Sample Type 2'!EA15,"") -> 75.6 | AM16: =IF('Data Summary'!C228="PASS",'Data - Sample Type 2'!EI15,"") -> 66.9
H17: =IF('Data Summary'!C39="PASS",IF('Data - Sample Type 0'!AE16=0,40,'Data - Sample Type 0'!AE16),"") -> 40 | J17: =IF('Data Summary'!C39="PASS",IF('Data Summary'!A39="","",'Data - Sample Type 0'!Q16),"") -> 24.2 | O17: =IF('Data Summary'!C144="PASS",IF('Data - Sample Type 1'!AE16=0,40,'Data - Sample Type 1'!AE16),"") -> 26.2 | P17: =IF('Data Summary'!C144="PASS",IF('Data - Sample Type 1'!AS16=0,40,'Data - Sample Type 1'!AS16),"") -> 23.4 | Q17: =IF('Data Summary'!C144="PASS",IF('Data - Sample Type 1'!BG16=0,40,'Data - Sample Type 1'!BG16),"") -> 24.4 | R17: =IF('Data Summary'!C144="PASS",IF('Data - Sample Type 1'!CI16=0,40,'Data - Sample Type 1'!CI16),"") -> 22.1 | S17: =IF('Data Summary'!C144="PASS",'Data - Sample Type 1'!DK16,"") -> 69.3 | U17: =IF('Data Summary'!C144="PASS",'Data - Sample Type 1'!EY16,"") -> 70 | W17: =IF('Data Summary'!C144="PASS",'Data - Sample Type 1'!FO16,"") -> 73.5 | AB17: =IF('Data Summary'!C229="PASS",IF('Data - Sample Type 2'!AE16=0,40,'Data - Sample Type 2'!AE16),"") -> 23.7 | AC17: =IF('Data Summary'!C229="PASS",IF('Data - Sample Type 2'!AS16=0,40,'Data - Sample Type 2'!AS16),"") -> 26.8 | AD17: =IF('Data Summary'!C229="PASS",IF('Data - Sample Type 2'!BG16=0,40,'Data - Sample Type 2'!BG16),"") -> 26.9 | AE17: =IF('Data Summary'!C229="PASS",IF('Data - Sample Type 2'!BU16=0,40,'Data - Sample Type 2'!BU16),"") -> 28.1 | AF17: =IF('Data Summary'!C229="PASS",IF('Data - Sample Type 2'!CI16=0,40,'Data - Sample Type 2'!CI16),"") -> 29.3 | AG17: =IF('Data Summary'!C229="PASS",'Data - Sample Type 2'!DK16,"") -> 69.1 | AI17: =IF('Data Summary'!C229="PASS",'Data - Sample Type 2'!EY16,"") -> 0 | AK17: =IF('Data Summary'!C229="PASS",'Data - Sample Type 2'!EA16,"") -> 75.6 | AM17: =IF('Data Summary'!C229="PASS",'Data - Sample Type 2'!EI16,"") -> 66.9
H18: =IF('Data Summary'!C40="PASS",IF('Data - Sample Type 0'!AE17=0,40,'Data - Sample Type 0'!AE17),"") -> 40 | I18: =IF(I13>=Specifications!$D$26,"PASS","FAIL") -> PASS | J18: =IF('Data Summary'!C40="PASS",IF('Data Summary'!A40="","",'Data - Sample Type 0'!Q17),"") -> 28.3 | K18: =IF(K13<=Specifications!$B$26,"PASS","FAIL") -> PASS | O18: =IF('Data Summary'!C145="PASS",IF('Data - Sample Type 1'!AE17=0,40,'Data - Sample Type 1'!AE17),"") -> 26.4 | P18: =IF('Data Summary'!C145="PASS",IF('Data - Sample Type 1'!AS17=0,40,'Data - Sample Type 1'!AS17),"") -> 24.3 | Q18: =IF('Data Summary'!C145="PASS",IF('Data - Sample Type 1'!BG17=0,40,'Data - Sample Type 1'!BG17),"") -> 24.9 | R18: =IF('Data Summary'!C145="PASS",IF('Data - Sample Type 1'!CI17=0,40,'Data - Sample Type 1'!CI17),"") -> 22.7 | S18: =IF('Data Summary'!C145="PASS",'Data - Sample Type 1'!DK17,"") -> 69.2 | U18: =IF('Data Summary'!C145="PASS",'Data - Sample Type 1'!EY17,"") -> 69.8 | W18: =IF('Data Summary'!C145="PASS",'Data - Sample Type 1'!FO17,"") -> 73.3 | AB18: =IF('Data Summary'!C230="PASS",IF('Data - Sample Type 2'!AE17=0,40,'Data - Sample Type 2'!AE17),"") -> 22.6 | AC18: =IF('Data Summary'!C230="PASS",IF('Data - Sample Type 2'!AS17=0,40,'Data - Sample Type 2'!AS17),"") -> 24.6 | AD18: =IF('Data Summary'!C230="PASS",IF('Data - Sample Type 2'!BG17=0,40,'Data - Sample Type 2'!BG17),"") -> 23.9 | AE18: =IF('Data Summary'!C230="PASS",IF('Data - Sample Type 2'!BU17=0,40,'Data - Sample Type 2'!BU17),"") -> 25.1 | AF18: =IF('Data Summary'!C230="PASS",IF('Data - Sample Type 2'!CI17=0,40,'Data - Sample Type 2'!CI17),"") -> 26.7 | AG18: =IF('Data Summary'!C230="PASS",'Data - Sample Type 2'!DK17,"") -> 69.1 | AH18: =IF(COUNTIF('Data - Sample Type 2'!$A$12:$A$21,"<>"&"")>=10,IF(COUNTIF(AG13:AG22,">0")=10-COUNTIF(AG13:AG22,""),"PASS","FAIL"),"Not enough data") -> PASS | AI18: =IF('Data Summary'!C230="PASS",'Data - Sample Type 2'!EY17,"") -> 0 | AJ18: =IF(COUNTIF('Data - Sample Type 2'!$A$12:$A$21,"<>"&"")>=10,IF(COUNTIF(AI13:AI22,"=0")=10-COUNTIF(AI13:AI22,""),"PASS","FAIL"),"Not enough data") -> PASS | AK18: =IF('Data Summary'!C230="PASS",'Data - Sample Type 2'!EA17,"") -> 75.4 | AL18: =IF(COUNTIF('Data - Sample Type 2'!$A$12:$A$21,"<>"&"")>=10,IF(COUNTIF(AK13:AK22,">0")=10-COUNTIF(AK13:AK22,""),"PASS","FAIL"),"Not enough data") -> PASS | AM18: =IF('Data Summary'!C230="PASS",'Data - Sample Type 2'!EI17,"") -> 66.7 | AN18: =IF(COUNTIF('Data - Sample Type 2'!$A$12:$A$21,"<>"&"")>=10,IF(COUNTIF(AM13:AM22,">0")=10-COUNTIF(AM13:AM22,""),"PASS","FAIL"),"Not enough data") -> PASS
H19: =IF('Data Summary'!C41="PASS",IF('Data - Sample Type 0'!AE18=0,40,'Data - Sample Type 0'!AE18),"") -> 40 | J19: =IF('Data Summary'!C41="PASS",IF('Data Summary'!A41="","",'Data - Sample Type 0'!Q18),"") -> 25.3 | N19: 3 | O19: =IF('Data Summary'!C146="PASS",IF('Data - Sample Type 1'!AE18=0,40,'Data - Sample Type 1'!AE18),"") -> 26 | P19: =IF('Data Summary'!C146="PASS",IF('Data - Sample Type 1'!AS18=0,40,'Data - Sample Type 1'!AS18),"") -> 23.5 | Q19: =IF('Data Summary'!C146="PASS",IF('Data - Sample Type 1'!BG18=0,40,'Data - Sample Type 1'!BG18),"") -> 24.4 | R19: =IF('Data Summary'!C146="PASS",IF('Data - Sample Type 1'!CI18=0,40,'Data - Sample Type 1'!CI18),"") -> 21.8 | S19: =IF('Data Summary'!C146="PASS",'Data - Sample Type 1'!DK18,"") -> 69.4 | T19: =ROUND(AVERAGE(S19:S26),1) -> 69.4 | U19: =IF('Data Summary'!C146="PASS",'Data - Sample Type 1'!EY18,"") -> 70.1 | V19: =ROUND(AVERAGE(U19:U26),1) -> 70.1 | W19: =IF('Data Summary'!C146="PASS",'Data - Sample Type 1'!FO18,"") -> 73.6 | X19: =ROUND(AVERAGE(W19:W26),1) -> 73.6 | AB19: =IF('Data Summary'!C231="PASS",IF('Data - Sample Type 2'!AE18=0,40,'Data - Sample Type 2'!AE18),"") -> 21.9 | AC19: =IF('Data Summary'!C231="PASS",IF('Data - Sample Type 2'!AS18=0,40,'Data - Sample Type 2'!AS18),"") -> 24.1 | AD19: =IF('Data Summary'!C231="PASS",IF('Data - Sample Type 2'!BG18=0,40,'Data - Sample Type 2'!BG18),"") -> 23.9 | AE19: =IF('Data Summary'!C231="PASS",IF('Data - Sample Type 2'!BU18=0,40,'Data - Sample Type 2'!BU18),"") -> 25.1 | AF19: =IF('Data Summary'!C231="PASS",IF('Data - Sample Type 2'!CI18=0,40,'Data - Sample Type 2'!CI18),"") -> 25.8 | AG19: =IF('Data Summary'!C231="PASS",'Data - Sample Type 2'!DK18,"") -> 69.1 | AI19: =IF('Data Summary'!C231="PASS",'Data - Sample Type 2'!EY18,"") -> 0 | AK19: =IF('Data Summary'!C231="PASS",'Data - Sample Type 2'!EA18,"") -> 75.5 | AM19: =IF('Data Summary'!C231="PASS",'Data - Sample Type 2'!EI18,"") -> 66.9
H20: =IF('Data Summary'!C42="PASS",IF('Data - Sample Type 0'!AE19=0,40,'Data - Sample Type 0'!AE19),"") -> 40 | J20: =IF('Data Summary'!C42="PASS",IF('Data Summary'!A42="","",'Data - Sample Type 0'!Q19),"") -> 24.5 | O20: =IF('Data Summary'!C147="PASS",IF('Data - Sample Type 1'!AE19=0,40,'Data - Sample Type 1'!AE19),"") -> 26.8 | P20: =IF('Data Summary'!C147="PASS",IF('Data - Sample Type 1'!AS19=0,40,'Data - Sample Type 1'!AS19),"") -> 24.6 | Q20: =IF('Data Summary'!C147="PASS",IF('Data - Sample Type 1'!BG19=0,40,'Data - Sample Type 1'!BG19),"") -> 25.6 | R20: =IF('Data Summary'!C147="PASS",IF('Data - Sample Type 1'!CI19=0,40,'Data - Sample Type 1'!CI19),"") -> 23.5 | S20: =IF('Data Summary'!C147="PASS",'Data - Sample Type 1'!DK19,"") -> 69.4 | U20: =IF('Data Summary'!C147="PASS",'Data - Sample Type 1'!EY19,"") -> 70.2 | W20: =IF('Data Summary'!C147="PASS",'Data - Sample Type 1'!FO19,"") -> 73.7 | AB20: =IF('Data Summary'!C232="PASS",IF('Data - Sample Type 2'!AE19=0,40,'Data - Sample Type 2'!AE19),"") -> 21.5 | AC20: =IF('Data Summary'!C232="PASS",IF('Data - Sample Type 2'!AS19=0,40,'Data - Sample Type 2'!AS19),"") -> 24.2 | AD20: =IF('Data Summary'!C232="PASS",IF('Data - Sample Type 2'!BG19=0,40,'Data - Sample Type 2'!BG19),"") -> 23.7 | AE20: =IF('Data Summary'!C232="PASS",IF('Data - Sample Type 2'!BU19=0,40,'Data - Sample Type 2'!BU19),"") -> 25.1 | AF20: =IF('Data Summary'!C232="PASS",IF('Data - Sample Type 2'!CI19=0,40,'Data - Sample Type 2'!CI19),"") -> 26.5 | AG20: =IF('Data Summary'!C232="PASS",'Data - Sample Type 2'!DK19,"") -> 69.2 | AI20: =IF('Data Summary'!C232="PASS",'Data - Sample Type 2'!EY19,"") -> 0 | AK20: =IF('Data Summary'!C232="PASS",'Data - Sample Type 2'!EA19,"") -> 75.7 | AM20: =IF('Data Summary'!C232="PASS",'Data - Sample Type 2'!EI19,"") -> 67
H21: =IF('Data Summary'!C43="PASS",IF('Data - Sample Type 0'!AE20=0,40,'Data - Sample Type 0'!AE20),"") -> 40 | J21: =IF('Data Summary'!C43="PASS",IF('Data Summary'!A43="","",'Data - Sample Type 0'!Q20),"") -> 23.6 | O21: =IF('Data Summary'!C148="PASS",IF('Data - Sample Type 1'!AE20=0,40,'Data - Sample Type 1'!AE20),"") -> 26.2 | P21: =IF('Data Summary'!C148="PASS",IF('Data - Sample Type 1'!AS20=0,40,'Data - Sample Type 1'!AS20),"") -> 24 | Q21: =IF('Data Summary'!C148="PASS",IF('Data - Sample Type 1'!BG20=0,40,'Data - Sample Type 1'!BG20),"") -> 25.2 | R21: =IF('Data Summary'!C148="PASS",IF('Data - Sample Type 1'!CI20=0,40,'Data - Sample Type 1'!CI20),"") -> 22.8 | S21: =IF('Data Summary'!C148="PASS",'Data - Sample Type 1'!DK20,"") -> 69.5 | U21: =IF('Data Summary'!C148="PASS",'Data - Sample Type 1'!EY20,"") -> 70 | W21: =IF('Data Summary'!C148="PASS",'Data - Sample Type 1'!FO20,"") -> 73.5 | AB21: =IF('Data Summary'!C233="PASS",IF('Data - Sample Type 2'!AE20=0,40,'Data - Sample Type 2'!AE20),"") -> 21.8 | AC21: =IF('Data Summary'!C233="PASS",IF('Data - Sample Type 2'!AS20=0,40,'Data - Sample Type 2'!AS20),"") -> 24.8 | AD21: =IF('Data Summary'!C233="PASS",IF('Data - Sample Type 2'!BG20=0,40,'Data - Sample Type 2'!BG20),"") -> 23.2 | AE21: =IF('Data Summary'!C233="PASS",IF('Data - Sample Type 2'!BU20=0,40,'Data - Sample Type 2'!BU20),"") -> 25.3 | AF21: =IF('Data Summary'!C233="PASS",IF('Data - Sample Type 2'!CI20=0,40,'Data - Sample Type 2'!CI20),"") -> 26.5 | AG21: =IF('Data Summary'!C233="PASS",'Data - Sample Type 2'!DK20,"") -> 69.1 | AI21: =IF('Data Summary'!C233="PASS",'Data - Sample Type 2'!EY20,"") -> 0 | AK21: =IF('Data Summary'!C233="PASS",'Data - Sample Type 2'!EA20,"") -> 75.6 | AM21: =IF('Data Summary'!C233="PASS",'Data - Sample Type 2'!EI20,"") -> 67
H22: =IF('Data Summary'!C44="PASS",IF('Data - Sample Type 0'!AE21=0,40,'Data - Sample Type 0'!AE21),"") -> 40 | J22: =IF('Data Summary'!C44="PASS",IF('Data Summary'!A44="","",'Data - Sample Type 0'!Q21),"") -> 24 | O22: =IF('Data Summary'!C149="PASS",IF('Data - Sample Type 1'!AE21=0,40,'Data - Sample Type 1'!AE21),"") -> 25.9 | P22: =IF('Data Summary'!C149="PASS",IF('Data - Sample Type 1'!AS21=0,40,'Data - Sample Type 1'!AS21),"") -> 23.7 | Q22: =IF('Data Summary'!C149="PASS",IF('Data - Sample Type 1'!BG21=0,40,'Data - Sample Type 1'!BG21),"") -> 24.8 | R22: =IF('Data Summary'!C149="PASS",IF('Data - Sample Type 1'!CI21=0,40,'Data - Sample Type 1'!CI21),"") -> 22.4 | S22: =IF('Data Summary'!C149="PASS",'Data - Sample Type 1'!DK21,"") -> 69.4 | U22: =IF('Data Summary'!C149="PASS",'Data - Sample Type 1'!EY21,"") -> 70 | W22: =IF('Data Summary'!C149="PASS",'Data - Sample Type 1'!FO21,"") -> 73.5 | AB22: =IF('Data Summary'!C234="PASS",IF('Data - Sample Type 2'!AE21=0,40,'Data - Sample Type 2'!AE21),"") -> 21.9 | AC22: =IF('Data Summary'!C234="PASS",IF('Data - Sample Type 2'!AS21=0,40,'Data - Sample Type 2'!AS21),"") -> 23.1 | AD22: =IF('Data Summary'!C234="PASS",IF('Data - Sample Type 2'!BG21=0,40,'Data - Sample Type 2'!BG21),"") -> 23.3 | AE22: =IF('Data Summary'!C234="PASS",IF('Data - Sample Type 2'!BU21=0,40,'Data - Sample Type 2'!BU21),"") -> 24.2 | AF22: =IF('Data Summary'!C234="PASS",IF('Data - Sample Type 2'!CI21=0,40,'Data - Sample Type 2'!CI21),"") -> 25.4 | AG22: =IF('Data Summary'!C234="PASS",'Data - Sample Type 2'!DK21,"") -> 69.2 | AI22: =IF('Data Summary'!C234="PASS",'Data - Sample Type 2'!EY21,"") -> 0 | AK22: =IF('Data Summary'!C234="PASS",'Data - Sample Type 2'!EA21,"") -> 75.8 | AM22: =IF('Data Summary'!C234="PASS",'Data - Sample Type 2'!EI21,"") -> 67.1
G23: 3 | H23: =IF('Data Summary'!C45="PASS",IF('Data - Sample Type 0'!AE22=0,40,'Data - Sample Type 0'!AE22),"") -> 40 | I23: =ROUND(AVERAGE(H23:H32),1) -> 40 | J23: =IF('Data Summary'!C45="PASS",IF('Data Summary'!A45="","",'Data - Sample Type 0'!Q22),"") -> 24.9 | K23: =ROUND(AVERAGE(J23:J32),1) -> 24.7 | O23: =IF('Data Summary'!C150="PASS",IF('Data - Sample Type 1'!AE22=0,40,'Data - Sample Type 1'!AE22),"") -> 27.5 | P23: =IF('Data Summary'!C150="PASS",IF('Data - Sample Type 1'!AS22=0,40,'Data - Sample Type 1'!AS22),"") -> 25.4 | Q23: =IF('Data Summary'!C150="PASS",IF('Data - Sample Type 1'!BG22=0,40,'Data - Sample Type 1'!BG22),"") -> 26 | R23: =IF('Data Summary'!C150="PASS",IF('Data - Sample Type 1'!CI22=0,40,'Data - Sample Type 1'!CI22),"") -> 24.1 | S23: =IF('Data Summary'!C150="PASS",'Data - Sample Type 1'!DK22,"") -> 69.4 | T23: =IF(COUNTIF(S19:S26,">0")=8-COUNTIF(S19:S26,""),"PASS","FAIL") -> PASS | U23: =IF('Data Summary'!C150="PASS",'Data - Sample Type 1'!EY22,"") -> 70.1 | V23: =IF(COUNTIF(U19:U26,">0")=8-COUNTIF(U19:U26,""),"PASS","FAIL") -> PASS | W23: =IF('Data Summary'!C150="PASS",'Data - Sample Type 1'!FO22,"") -> 73.6 | X23: =IF(COUNTIF(W19:W26,">0")=8-COUNTIF(W19:W26,""),"PASS","FAIL") -> PASS | AB23: IS1081-IS6110 Ct Mean per Data Set | AC23: rpo1 Ct Mean per Data Set | AD23: rpo2 Ct Mean per Data Set | AE23: rpo3 Ct Mean per Data Set | AF23: rpo4 Ct Mean per Data Set
H24: =IF('Data Summary'!C46="PASS",IF('Data - Sample Type 0'!AE23=0,40,'Data - Sample Type 0'!AE23),"") -> 40 | J24: =IF('Data Summary'!C46="PASS",IF('Data Summary'!A46="","",'Data - Sample Type 0'!Q23),"") -> 24.8 | O24: =IF('Data Summary'!C151="PASS",IF('Data - Sample Type 1'!AE23=0,40,'Data - Sample Type 1'!AE23),"") -> 26 | P24: =IF('Data Summary'!C151="PASS",IF('Data - Sample Type 1'!AS23=0,40,'Data - Sample Type 1'!AS23),"") -> 23.4 | Q24: =IF('Data Summary'!C151="PASS",IF('Data - Sample Type 1'!BG23=0,40,'Data - Sample Type 1'!BG23),"") -> 24.4 | R24: =IF('Data Summary'!C151="PASS",IF('Data - Sample Type 1'!CI23=0,40,'Data - Sample Type 1'!CI23),"") -> 22.2 | S24: =IF('Data Summary'!C151="PASS",'Data - Sample Type 1'!DK23,"") -> 69.4 | U24: =IF('Data Summary'!C151="PASS",'Data - Sample Type 1'!EY23,"") -> 70.1 | W24: =IF('Data Summary'!C151="PASS",'Data - Sample Type 1'!FO23,"") -> 73.6 | AB24: =ROUND(AVERAGE(AB3:AB22),1) -> 22.8 | AC24: =ROUND(AVERAGE(AC3:AC22),1) -> 24.8 | AD24: =ROUND(AVERAGE(AD3:AD22),1) -> 24.7 | AE24: =ROUND(AVERAGE(AE3:AE22),1) -> 25.9 | AF24: =ROUND(AVERAGE(AF3:AF22),1) -> 27
G25: 3 | H25: =IF('Data Summary'!C47="PASS",IF('Data - Sample Type 0'!AE24=0,40,'Data - Sample Type 0'!AE24),"") -> 40 | J25: =IF('Data Summary'!C47="PASS",IF('Data Summary'!A47="","",'Data - Sample Type 0'!Q24),"") -> 25.5 | O25: =IF('Data Summary'!C152="PASS",IF('Data - Sample Type 1'!AE24=0,40,'Data - Sample Type 1'!AE24),"") -> 24.7 | P25: =IF('Data Summary'!C152="PASS",IF('Data - Sample Type 1'!AS24=0,40,'Data - Sample Type 1'!AS24),"") -> 22.5 | Q25: =IF('Data Summary'!C152="PASS",IF('Data - Sample Type 1'!BG24=0,40,'Data - Sample Type 1'!BG24),"") -> 23.2 | R25: =IF('Data Summary'!C152="PASS",IF('Data - Sample Type 1'!CI24=0,40,'Data - Sample Type 1'!CI24),"") -> 20.7 | S25: =IF('Data Summary'!C152="PASS",'Data - Sample Type 1'!DK24,"") -> 69.2 | U25: =IF('Data Summary'!C152="PASS",'Data - Sample Type 1'!EY24,"") -> 69.9 | W25: =IF('Data Summary'!C152="PASS",'Data - Sample Type 1'!FO24,"") -> 73.4 | AB25: =IF(COUNTBLANK(AB13:AB22)<=8,IF(AB24<=Specifications!$D$28,"PASS","FAIL"),"Not enough data") -> PASS | AC25: =IF(COUNTBLANK(AC13:AC22)<=8,IF(AC24<=Specifications!$E$28,"PASS","FAIL"),"Not enough data") -> PASS | AD25: =IF(COUNTBLANK(AD13:AD22)<=8,IF(AD24<=Specifications!$G$28,"PASS","FAIL"),"Not enough data") -> PASS | AE25: =IF(COUNTBLANK(AE13:AE22)<=8,IF(AE24<=Specifications!$I$28,"PASS","FAIL"),"Not enough data") -> PASS | AF25: =IF(COUNTBLANK(AF13:AF22)<=8,IF(AF24<=Specifications!$K$28,"PASS","FAIL"),"Not enough data") -> PASS
H26: =IF('Data Summary'!C48="PASS",IF('Data - Sample Type 0'!AE25=0,40,'Data - Sample Type 0'!AE25),"") -> 40 | J26: =IF('Data Summary'!C48="PASS",IF('Data Summary'!A48="","",'Data - Sample Type 0'!Q25),"") -> 25.3 | O26: =IF('Data Summary'!C153="PASS",IF('Data - Sample Type 1'!AE25=0,40,'Data - Sample Type 1'!AE25),"") -> 26.6 | P26: =IF('Data Summary'!C153="PASS",IF('Data - Sample Type 1'!AS25=0,40,'Data - Sample Type 1'!AS25),"") -> 24.1 | Q26: =IF('Data Summary'!C153="PASS",IF('Data - Sample Type 1'!BG25=0,40,'Data - Sample Type 1'!BG25),"") -> 24.8 | R26: =IF('Data Summary'!C153="PASS",IF('Data - Sample Type 1'!CI25=0,40,'Data - Sample Type 1'!CI25),"") -> 22.5 | S26: =IF('Data Summary'!C153="PASS",'Data - Sample Type 1'!DK25,"") -> 69.3 | U26: =IF('Data Summary'!C153="PASS",'Data - Sample Type 1'!EY25,"") -> 70 | W26: =IF('Data Summary'!C153="PASS",'Data - Sample Type 1'!FO25,"") -> 73.5
H27: =IF('Data Summary'!C49="PASS",IF('Data - Sample Type 0'!AE26=0,40,'Data - Sample Type 0'!AE26),"") -> 40 | J27: =IF('Data Summary'!C49="PASS",IF('Data Summary'!A49="","",'Data - Sample Type 0'!Q26),"") -> 24.5 | N27: 4 | O27: =IF('Data Summary'!C154="PASS",IF('Data - Sample Type 1'!AE26=0,40,'Data - Sample Type 1'!AE26),"") -> 25 | P27: =IF('Data Summary'!C154="PASS",IF('Data - Sample Type 1'!AS26=0,40,'Data - Sample Type 1'!AS26),"") -> 22.5 | Q27: =IF('Data Summary'!C154="PASS",IF('Data - Sample Type 1'!BG26=0,40,'Data - Sample Type 1'!BG26),"") -> 23.4 | R27: =IF('Data Summary'!C154="PASS",IF('Data - Sample Type 1'!CI26=0,40,'Data - Sample Type 1'!CI26),"") -> 21 | S27: =IF('Data Summary'!C154="PASS",'Data - Sample Type 1'!DK26,"") -> 69.4 | T27: =ROUND(AVERAGE(S27:S34),1) -> 69.4 | U27: =IF('Data Summary'!C154="PASS",'Data - Sample Type 1'!EY26,"") -> 70.1 | V27: =ROUND(AVERAGE(U27:U34),1) -> 70 | W27: =IF('Data Summary'!C154="PASS",'Data - Sample Type 1'!FO26,"") -> 73.6 | X27: =ROUND(AVERAGE(W27:W34),1) -> 73.5
H28: =IF('Data Summary'!C50="PASS",IF('Data - Sample Type 0'!AE27=0,40,'Data - Sample Type 0'!AE27),"") | I28: =IF(I23>=Specifications!$D$26,"PASS","FAIL") -> PASS | J28: =IF('Data Summary'!C50="PASS",IF('Data Summary'!A50="","",'Data - Sample Type 0'!Q27),"") | K28: =IF(K23<=Specifications!$B$26,"PASS","FAIL") -> PASS | O28: =IF('Data Summary'!C155="PASS",IF('Data - Sample Type 1'!AE27=0,40,'Data - Sample Type 1'!AE27),"") -> 25.8 | P28: =IF('Data Summary'!C155="PASS",IF('Data - Sample Type 1'!AS27=0,40,'Data - Sample Type 1'!AS27),"") -> 23.6 | Q28: =IF('Data Summary'!C155="PASS",IF('Data - Sample Type 1'!BG27=0,40,'Data - Sample Type 1'!BG27),"") -> 24.3 | R28: =IF('Data Summary'!C155="PASS",IF('Data - Sample Type 1'!CI27=0,40,'Data - Sample Type 1'!CI27),"") -> 22.1 | S28: =IF('Data Summary'!C155="PASS",'Data - Sample Type 1'!DK27,"") -> 69.4 | U28: =IF('Data Summary'!C155="PASS",'Data - Sample Type 1'!EY27,"") -> 70 | W28: =IF('Data Summary'!C155="PASS",'Data - Sample Type 1'!FO27,"") -> 73.5
H29: =IF('Data Summary'!C51="PASS",IF('Data - Sample Type 0'!AE28=0,40,'Data - Sample Type 0'!AE28),"") | J29: =IF('Data Summary'!C51="PASS",IF('Data Summary'!A51="","",'Data - Sample Type 0'!Q28),"") | O29: =IF('Data Summary'!C156="PASS",IF('Data - Sample Type 1'!AE28=0,40,'Data - Sample Type 1'!AE28),"") -> 25.5 | P29: =IF('Data Summary'!C156="PASS",IF('Data - Sample Type 1'!AS28=0,40,'Data - Sample Type 1'!AS28),"") -> 23.2 | Q29: =IF('Data Summary'!C156="PASS",IF('Data - Sample Type 1'!BG28=0,40,'Data - Sample Type 1'!BG28),"") -> 24.1 | R29: =IF('Data Summary'!C156="PASS",IF('Data - Sample Type 1'!CI28=0,40,'Data - Sample Type 1'!CI28),"") -> 21.7 | S29: =IF('Data Summary'!C156="PASS",'Data - Sample Type 1'!DK28,"") -> 69.4 | U29: =IF('Data Summary'!C156="PASS",'Data - Sample Type 1'!EY28,"") -> 70 | W29: =IF('Data Summary'!C156="PASS",'Data - Sample Type 1'!FO28,"") -> 73.5
H30: =IF('Data Summary'!C52="PASS",IF('Data - Sample Type 0'!AE29=0,40,'Data - Sample Type 0'!AE29),"") -> 40 | J30: =IF('Data Summary'!C52="PASS",IF('Data Summary'!A52="","",'Data - Sample Type 0'!Q29),"") -> 25.1 | O30: =IF('Data Summary'!C157="PASS",IF('Data - Sample Type 1'!AE29=0,40,'Data - Sample Type 1'!AE29),"") -> 26.9 | P30: =IF('Data Summary'!C157="PASS",IF('Data - Sample Type 1'!AS29=0,40,'Data - Sample Type 1'!AS29),"") -> 24.5 | Q30: =IF('Data Summary'!C157="PASS",IF('Data - Sample Type 1'!BG29=0,40,'Data - Sample Type 1'!BG29),"") -> 25.2 | R30: =IF('Data Summary'!C157="PASS",IF('Data - Sample Type 1'!CI29=0,40,'Data - Sample Type 1'!CI29),"") -> 22.9 | S30: =IF('Data Summary'!C157="PASS",'Data - Sample Type 1'!DK29,"") -> 69.4 | U30: =IF('Data Summary'!C157="PASS",'Data - Sample Type 1'!EY29,"") -> 70 | W30: =IF('Data Summary'!C157="PASS",'Data - Sample Type 1'!FO29,"") -> 73.5
H31: =IF('Data Summary'!C53="PASS",IF('Data - Sample Type 0'!AE30=0,40,'Data - Sample Type 0'!AE30),"") -> 40 | J31: =IF('Data Summary'!C53="PASS",IF('Data Summary'!A53="","",'Data - Sample Type 0'!Q30),"") -> 25.1 | O31: =IF('Data Summary'!C158="PASS",IF('Data - Sample Type 1'!AE30=0,40,'Data - Sample Type 1'!AE30),"") -> 26.9 | P31: =IF('Data Summary'!C158="PASS",IF('Data - Sample Type 1'!AS30=0,40,'Data - Sample Type 1'!AS30),"") -> 25.1 | Q31: =IF('Data Summary'!C158="PASS",IF('Data - Sample Type 1'!BG30=0,40,'Data - Sample Type 1'!BG30),"") -> 25.7 | R31: =IF('Data Summary'!C158="PASS",IF('Data - Sample Type 1'!CI30=0,40,'Data - Sample Type 1'!CI30),"") -> 23.6 | S31: =IF('Data Summary'!C158="PASS",'Data - Sample Type 1'!DK30,"") -> 69.4 | T31: =IF(COUNTIF(S27:S34,">0")=8-COUNTIF(S27:S34,""),"PASS","FAIL") -> PASS | U31: =IF('Data Summary'!C158="PASS",'Data - Sample Type 1'!EY30,"") -> 69.9 | V31: =IF(COUNTIF(U27:U34,">0")=8-COUNTIF(U27:U34,""),"PASS","FAIL") -> PASS | W31: =IF('Data Summary'!C158="PASS",'Data - Sample Type 1'!FO30,"") -> 73.4 | X31: =IF(COUNTIF(W27:W34,">0")=8-COUNTIF(W27:W34,""),"PASS","FAIL") -> PASS
H32: =IF('Data Summary'!C54="PASS",IF('Data - Sample Type 0'!AE31=0,40,'Data - Sample Type 0'!AE31),"") -> 40 | J32: =IF('Data Summary'!C54="PASS",IF('Data Summary'!A54="","",'Data - Sample Type 0'!Q31),"") -> 22.7 | O32: =IF('Data Summary'!C159="PASS",IF('Data - Sample Type 1'!AE31=0,40,'Data - Sample Type 1'!AE31),"") -> 26.4 | P32: =IF('Data Summary'!C159="PASS",IF('Data - Sample Type 1'!AS31=0,40,'Data - Sample Type 1'!AS31),"") -> 24.7 | Q32: =IF('Data Summary'!C159="PASS",IF('Data - Sample Type 1'!BG31=0,40,'Data - Sample Type 1'!BG31),"") -> 25.7 | R32: =IF('Data Summary'!C159="PASS",IF('Data - Sample Type 1'!CI31=0,40,'Data - Sample Type 1'!CI31),"") -> 23.2 | S32: =IF('Data Summary'!C159="PASS",'Data - Sample Type 1'!DK31,"") -> 69.5 | U32: =IF('Data Summary'!C159="PASS",'Data - Sample Type 1'!EY31,"") -> 70.1 | W32: =IF('Data Summary'!C159="PASS",'Data - Sample Type 1'!FO31,"") -> 73.6
G33: 4 | H33: =IF('Data Summary'!C55="PASS",IF('Data - Sample Type 0'!AE32=0,40,'Data - Sample Type 0'!AE32),"") -> 40 | I33: =ROUND(AVERAGE(H33:H42),1) -> 40 | J33: =IF('Data Summary'!C55="PASS",IF('Data Summary'!A55="","",'Data - Sample Type 0'!Q32),"") -> 25.1 | K33: =ROUND(AVERAGE(J33:J42),1) -> 24.8 | O33: =IF('Data Summary'!C160="PASS",IF('Data - Sample Type 1'!AE32=0,40,'Data - Sample Type 1'!AE32),"") -> 24.8 | P33: =IF('Data Summary'!C160="PASS",IF('Data - Sample Type 1'!AS32=0,40,'Data - Sample Type 1'!AS32),"") -> 23.1 | Q33: =IF('Data Summary'!C160="PASS",IF('Data - Sample Type 1'!BG32=0,40,'Data - Sample Type 1'!BG32),"") -> 23.7 | R33: =IF('Data Summary'!C160="PASS",IF('Data - Sample Type 1'!CI32=0,40,'Data - Sample Type 1'!CI32),"") -> 21.4 | S33: =IF('Data Summary'!C160="PASS",'Data - Sample Type 1'!DK32,"") -> 69.3 | U33: =IF('Data Summary'!C160="PASS",'Data - Sample Type 1'!EY32,"") -> 69.9 | W33: =IF('Data Summary'!C160="PASS",'Data - Sample Type 1'!FO32,"") -> 73.4
H34: =IF('Data Summary'!C56="PASS",IF('Data - Sample Type 0'!AE33=0,40,'Data - Sample Type 0'!AE33),"") -> 40 | J34: =IF('Data Summary'!C56="PASS",IF('Data Summary'!A56="","",'Data - Sample Type 0'!Q33),"") -> 25.3 | O34: =IF('Data Summary'!C161="PASS",IF('Data - Sample Type 1'!AE33=0,40,'Data - Sample Type 1'!AE33),"") -> 26.1 | P34: =IF('Data Summary'!C161="PASS",IF('Data - Sample Type 1'!AS33=0,40,'Data - Sample Type 1'!AS33),"") -> 23.9 | Q34: =IF('Data Summary'!C161="PASS",IF('Data - Sample Type 1'!BG33=0,40,'Data - Sample Type 1'!BG33),"") -> 24.5 | R34: =IF('Data Summary'!C161="PASS",IF('Data - Sample Type 1'!CI33=0,40,'Data - Sample Type 1'!CI33),"") -> 22.2 | S34: =IF('Data Summary'!C161="PASS",'Data - Sample Type 1'!DK33,"") -> 69.2 | U34: =IF('Data Summary'!C161="PASS",'Data - Sample Type 1'!EY33,"") -> 69.9 | W34: =IF('Data Summary'!C161="PASS",'Data - Sample Type 1'!FO33,"") -> 73.4
H35: =IF('Data Summary'!C57="PASS",IF('Data - Sample Type 0'!AE34=0,40,'Data - Sample Type 0'!AE34),"") -> 40 | J35: =IF('Data Summary'!C57="PASS",IF('Data Summary'!A57="","",'Data - Sample Type 0'!Q34),"") -> 24.4 | N35: 5 | O35: =IF('Data Summary'!C162="PASS",IF('Data - Sample Type 1'!AE34=0,40,'Data - Sample Type 1'!AE34),"") -> 26.1 | P35: =IF('Data Summary'!C162="PASS",IF('Data - Sample Type 1'!AS34=0,40,'Data - Sample Type 1'!AS34),"") -> 24.1 | Q35: =IF('Data Summary'!C162="PASS",IF('Data - Sample Type 1'!BG34=0,40,'Data - Sample Type 1'!BG34),"") -> 24.2 | R35: =IF('Data Summary'!C162="PASS",IF('Data - Sample Type 1'!CI34=0,40,'Data - Sample Type 1'!CI34),"") -> 22.3 | S35: =IF('Data Summary'!C162="PASS",'Data - Sample Type 1'!DK34,"") -> 69.4 | T35: =ROUND(AVERAGE(S35:S42),1) -> 69.4 | U35: =IF('Data Summary'!C162="PASS",'Data - Sample Type 1'!EY34,"") -> 70 | V35: =ROUND(AVERAGE(U35:U42),1) -> 70 | W35: =IF('Data Summary'!C162="PASS",'Data - Sample Type 1'!FO34,"") -> 73.6 | X35: =ROUND(AVERAGE(W35:W42),1) -> 73.5
H36: =IF('Data Summary'!C58="PASS",IF('Data - Sample Type 0'!AE35=0,40,'Data - Sample Type 0'!AE35),"") -> 40 | J36: =IF('Data Summary'!C58="PASS",IF('Data Summary'!A58="","",'Data - Sample Type 0'!Q35),"") -> 23.7 | O36: =IF('Data Summary'!C163="PASS",IF('Data - Sample Type 1'!AE35=0,40,'Data - Sample Type 1'!AE35),"") -> 26 | P36: =IF('Data Summary'!C163="PASS",IF('Data - Sample Type 1'!AS35=0,40,'Data - Sample Type 1'!AS35),"") -> 23.6 | Q36: =IF('Data Summary'!C163="PASS",IF('Data - Sample Type 1'!BG35=0,40,'Data - Sample Type 1'!BG35),"") -> 24.8 | R36: =IF('Data Summary'!C163="PASS",IF('Data - Sample Type 1'!CI35=0,40,'Data - Sample Type 1'!CI35),"") -> 22.5 | S36: =IF('Data Summary'!C163="PASS",'Data - Sample Type 1'!DK35,"") -> 69.3 | U36: =IF('Data Summary'!C163="PASS",'Data - Sample Type 1'!EY35,"") -> 70.1 | W36: =IF('Data Summary'!C163="PASS",'Data - Sample Type 1'!FO35,"") -> 73.5
G37: 4 | H37: =IF('Data Summary'!C59="PASS",IF('Data - Sample Type 0'!AE36=0,40,'Data - Sample Type 0'!AE36),"") -> 40 | J37: =IF('Data Summary'!C59="PASS",IF('Data Summary'!A59="","",'Data - Sample Type 0'!Q36),"") -> 24.4 | O37: =IF('Data Summary'!C164="PASS",IF('Data - Sample Type 1'!AE36=0,40,'Data - Sample Type 1'!AE36),"") -> 26.1 | P37: =IF('Data Summary'!C164="PASS",IF('Data - Sample Type 1'!AS36=0,40,'Data - Sample Type 1'!AS36),"") -> 23.5 | Q37: =IF('Data Summary'!C164="PASS",IF('Data - Sample Type 1'!BG36=0,40,'Data - Sample Type 1'!BG36),"") -> 24.5 | R37: =IF('Data Summary'!C164="PASS",IF('Data - Sample Type 1'!CI36=0,40,'Data - Sample Type 1'!CI36),"") -> 22.4 | S37: =IF('Data Summary'!C164="PASS",'Data - Sample Type 1'!DK36,"") -> 69.3 | U37: =IF('Data Summary'!C164="PASS",'Data - Sample Type 1'!EY36,"") -> 70 | W37: =IF('Data Summary'!C164="PASS",'Data - Sample Type 1'!FO36,"") -> 73.5
H38: =IF('Data Summary'!C60="PASS",IF('Data - Sample Type 0'!AE37=0,40,'Data - Sample Type 0'!AE37),"") -> 40 | I38: =IF(I33>=Specifications!$D$26,"PASS","FAIL") -> PASS | J38: =IF('Data Summary'!C60="PASS",IF('Data Summary'!A60="","",'Data - Sample Type 0'!Q37),"") -> 23.7 | K38: =IF(K33<=Specifications!$B$26,"PASS","FAIL") -> PASS | O38: =IF('Data Summary'!C165="PASS",IF('Data - Sample Type 1'!AE37=0,40,'Data - Sample Type 1'!AE37),"") -> 25.4 | P38: =IF('Data Summary'!C165="PASS",IF('Data - Sample Type 1'!AS37=0,40,'Data - Sample Type 1'!AS37),"") -> 23.1 | Q38: =IF('Data Summary'!C165="PASS",IF('Data - Sample Type 1'!BG37=0,40,'Data - Sample Type 1'!BG37),"") -> 24 | R38: =IF('Data Summary'!C165="PASS",IF('Data - Sample Type 1'!CI37=0,40,'Data - Sample Type 1'!CI37),"") -> 21.7 | S38: =IF('Data Summary'!C165="PASS",'Data - Sample Type 1'!DK37,"") -> 69.5 | U38: =IF('Data Summary'!C165="PASS",'Data - Sample Type 1'!EY37,"") -> 69.9 | W38: =IF('Data Summary'!C165="PASS",'Data - Sample Type 1'!FO37,"") -> 73.5
H39: =IF('Data Summary'!C61="PASS",IF('Data - Sample Type 0'!AE38=0,40,'Data - Sample Type 0'!AE38),"") -> 40 | J39: =IF('Data Summary'!C61="PASS",IF('Data Summary'!A61="","",'Data - Sample Type 0'!Q38),"") -> 26.6 | O39: =IF('Data Summary'!C166="PASS",IF('Data - Sample Type 1'!AE38=0,40,'Data - Sample Type 1'!AE38),"") -> 25 | P39: =IF('Data Summary'!C166="PASS",IF('Data - Sample Type 1'!AS38=0,40,'Data - Sample Type 1'!AS38),"") -> 22.5 | Q39: =IF('Data Summary'!C166="PASS",IF('Data - Sample Type 1'!BG38=0,40,'Data - Sample Type 1'!BG38),"") -> 23.9 | R39: =IF('Data Summary'!C166="PASS",IF('Data - Sample Type 1'!CI38=0,40,'Data - Sample Type 1'!CI38),"") -> 21.3 | S39: =IF('Data Summary'!C166="PASS",'Data - Sample Type 1'!DK38,"") -> 69.3 | T39: =IF(COUNTIF(S35:S42,">0")=8-COUNTIF(S35:S42,""),"PASS","FAIL") -> PASS | U39: =IF('Data Summary'!C166="PASS",'Data - Sample Type 1'!EY38,"") -> 70 | V39: =IF(COUNTIF(U35:U42,">0")=8-COUNTIF(U35:U42,""),"PASS","FAIL") -> PASS | W39: =IF('Data Summary'!C166="PASS",'Data - Sample Type 1'!FO38,"") -> 73.6 | X39: =IF(COUNTIF(W35:W42,">0")=8-COUNTIF(W35:W42,""),"PASS","FAIL") -> PASS
H40: =IF('Data Summary'!C62="PASS",IF('Data - Sample Type 0'!AE39=0,40,'Data - Sample Type 0'!AE39),"") -> 40 | J40: =IF('Data Summary'!C62="PASS",IF('Data Summary'!A62="","",'Data - Sample Type 0'!Q39),"") -> 24.6 | O40: =IF('Data Summary'!C167="PASS",IF('Data - Sample Type 1'!AE39=0,40,'Data - Sample Type 1'!AE39),"") -> 26.6 | P40: =IF('Data Summary'!C167="PASS",IF('Data - Sample Type 1'!AS39=0,40,'Data - Sample Type 1'!AS39),"") -> 23.6 | Q40: =IF('Data Summary'!C167="PASS",IF('Data - Sample Type 1'!BG39=0,40,'Data - Sample Type 1'!BG39),"") -> 24.6 | R40: =IF('Data Summary'!C167="PASS",IF('Data - Sample Type 1'!CI39=0,40,'Data - Sample Type 1'!CI39),"") -> 22.3 | S40: =IF('Data Summary'!C167="PASS",'Data - Sample Type 1'!DK39,"") -> 69.3 | U40: =IF('Data Summary'!C167="PASS",'Data - Sample Type 1'!EY39,"") -> 69.9 | W40: =IF('Data Summary'!C167="PASS",'Data - Sample Type 1'!FO39,"") -> 73.4
H41: =IF('Data Summary'!C63="PASS",IF('Data - Sample Type 0'!AE40=0,40,'Data - Sample Type 0'!AE40),"") -> 40 | J41: =IF('Data Summary'!C63="PASS",IF('Data Summary'!A63="","",'Data - Sample Type 0'!Q40),"") -> 25.4 | O41: =IF('Data Summary'!C168="PASS",IF('Data - Sample Type 1'!AE40=0,40,'Data - Sample Type 1'!AE40),"") -> 25.9 | P41: =IF('Data Summary'!C168="PASS",IF('Data - Sample Type 1'!AS40=0,40,'Data - Sample Type 1'!AS40),"") -> 23.2 | Q41: =IF('Data Summary'!C168="PASS",IF('Data - Sample Type 1'!BG40=0,40,'Data - Sample Type 1'!BG40),"") -> 24.2 | R41: =IF('Data Summary'!C168="PASS",IF('Data - Sample Type 1'!CI40=0,40,'Data - Sample Type 1'!CI40),"") -> 22 | S41: =IF('Data Summary'!C168="PASS",'Data - Sample Type 1'!DK40,"") -> 69.4 | U41: =IF('Data Summary'!C168="PASS",'Data - Sample Type 1'!EY40,"") -> 70 | W41: =IF('Data Summary'!C168="PASS",'Data - Sample Type 1'!FO40,"") -> 73.6
H42: =IF('Data Summary'!C64="PASS",IF('Data - Sample Type 0'!AE41=0,40,'Data - Sample Type 0'!AE41),"") -> 40 | J42: =IF('Data Summary'!C64="PASS",IF('Data Summary'!A64="","",'Data - Sample Type 0'!Q41),"") -> 24.6 | O42: =IF('Data Summary'!C169="PASS",IF('Data - Sample Type 1'!AE41=0,40,'Data - Sample Type 1'!AE41),"") -> 26.3 | P42: =IF('Data Summary'!C169="PASS",IF('Data - Sample Type 1'!AS41=0,40,'Data - Sample Type 1'!AS41),"") -> 23.5 | Q42: =IF('Data Summary'!C169="PASS",IF('Data - Sample Type 1'!BG41=0,40,'Data - Sample Type 1'!BG41),"") -> 25 | R42: =IF('Data Summary'!C169="PASS",IF('Data - Sample Type 1'!CI41=0,40,'Data - Sample Type 1'!CI41),"") -> 22.4 | S42: =IF('Data Summary'!C169="PASS",'Data - Sample Type 1'!DK41,"") -> 69.4 | U42: =IF('Data Summary'!C169="PASS",'Data - Sample Type 1'!EY41,"") -> 70 | W42: =IF('Data Summary'!C169="PASS",'Data - Sample Type 1'!FO41,"") -> 73.6
G43: 5 | H43: =IF('Data Summary'!C65="PASS",IF('Data - Sample Type 0'!AE42=0,40,'Data - Sample Type 0'!AE42),"") -> 40 | I43: =ROUND(AVERAGE(H43:H52),1) -> 40 | J43: =IF('Data Summary'!C65="PASS",IF('Data Summary'!A65="","",'Data - Sample Type 0'!Q42),"") -> 25.7 | K43: =ROUND(AVERAGE(J43:J52),1) -> 24.9 | N43: 6 | O43: =IF('Data Summary'!C170="PASS",IF('Data - Sample Type 1'!AE42=0,40,'Data - Sample Type 1'!AE42),"") -> 25.6 | P43: =IF('Data Summary'!C170="PASS",IF('Data - Sample Type 1'!AS42=0,40,'Data - Sample Type 1'!AS42),"") -> 23.4 | Q43: =IF('Data Summary'!C170="PASS",IF('Data - Sample Type 1'!BG42=0,40,'Data - Sample Type 1'!BG42),"") -> 24.4 | R43: =IF('Data Summary'!C170="PASS",IF('Data - Sample Type 1'!CI42=0,40,'Data - Sample Type 1'!CI42),"") -> 21.7 | S43: =IF('Data Summary'!C170="PASS",'Data - Sample Type 1'!DK42,"") -> 69.2 | T43: =ROUND(AVERAGE(S43:S50),1) -> 69.3 | U43: =IF('Data Summary'!C170="PASS",'Data - Sample Type 1'!EY42,"") -> 70 | V43: =ROUND(AVERAGE(U43:U50),1) -> 70 | W43: =IF('Data Summary'!C170="PASS",'Data - Sample Type 1'!FO42,"") -> 73.5 | X43: =ROUND(AVERAGE(W43:W50),1) -> 73.5
H44: =IF('Data Summary'!C66="PASS",IF('Data - Sample Type 0'!AE43=0,40,'Data - Sample Type 0'!AE43),"") -> 40 | J44: =IF('Data Summary'!C66="PASS",IF('Data Summary'!A66="","",'Data - Sample Type 0'!Q43),"") -> 25.8 | O44: =IF('Data Summary'!C171="PASS",IF('Data - Sample Type 1'!AE43=0,40,'Data - Sample Type 1'!AE43),"") -> 25.9 | P44: =IF('Data Summary'!C171="PASS",IF('Data - Sample Type 1'!AS43=0,40,'Data - Sample Type 1'!AS43),"") -> 23.1 | Q44: =IF('Data Summary'!C171="PASS",IF('Data - Sample Type 1'!BG43=0,40,'Data - Sample Type 1'!BG43),"") -> 24.2 | R44: =IF('Data Summary'!C171="PASS",IF('Data - Sample Type 1'!CI43=0,40,'Data - Sample Type 1'!CI43),"") -> 21.9 | S44: =IF('Data Summary'!C171="PASS",'Data - Sample Type 1'!DK43,"") -> 69.3 | U44: =IF('Data Summary'!C171="PASS",'Data - Sample Type 1'!EY43,"") -> 70 | W44: =IF('Data Summary'!C171="PASS",'Data - Sample Type 1'!FO43,"") -> 73.5
H45: =IF('Data Summary'!C67="PASS",IF('Data - Sample Type 0'!AE44=0,40,'Data - Sample Type 0'!AE44),"") -> 40 | J45: =IF('Data Summary'!C67="PASS",IF('Data Summary'!A67="","",'Data - Sample Type 0'!Q44),"") -> 25 | O45: =IF('Data Summary'!C172="PASS",IF('Data - Sample Type 1'!AE44=0,40,'Data - Sample Type 1'!AE44),"") -> 25.7 | P45: =IF('Data Summary'!C172="PASS",IF('Data - Sample Type 1'!AS44=0,40,'Data - Sample Type 1'!AS44),"") -> 22.3 | Q45: =IF('Data Summary'!C172="PASS",IF('Data - Sample Type 1'!BG44=0,40,'Data - Sample Type 1'!BG44),"") -> 23.5 | R45: =IF('Data Summary'!C172="PASS",IF('Data - Sample Type 1'!CI44=0,40,'Data - Sample Type 1'!CI44),"") -> 21.2 | S45: =IF('Data Summary'!C172="PASS",'Data - Sample Type 1'!DK44,"") -> 69.2 | U45: =IF('Data Summary'!C172="PASS",'Data - Sample Type 1'!EY44,"") -> 69.9 | W45: =IF('Data Summary'!C172="PASS",'Data - Sample Type 1'!FO44,"") -> 73.5
H46: =IF('Data Summary'!C68="PASS",IF('Data - Sample Type 0'!AE45=0,40,'Data - Sample Type 0'!AE45),"") -> 40 | J46: =IF('Data Summary'!C68="PASS",IF('Data Summary'!A68="","",'Data - Sample Type 0'!Q45),"") -> 24.4 | O46: =IF('Data Summary'!C173="PASS",IF('Data - Sample Type 1'!AE45=0,40,'Data - Sample Type 1'!AE45),"") -> 26.5 | P46: =IF('Data Summary'!C173="PASS",IF('Data - Sample Type 1'!AS45=0,40,'Data - Sample Type 1'!AS45),"") -> 24 | Q46: =IF('Data Summary'!C173="PASS",IF('Data - Sample Type 1'!BG45=0,40,'Data - Sample Type 1'!BG45),"") -> 25.1 | R46: =IF('Data Summary'!C173="PASS",IF('Data - Sample Type 1'!CI45=0,40,'Data - Sample Type 1'!CI45),"") -> 22.5 | S46: =IF('Data Summary'!C173="PASS",'Data - Sample Type 1'!DK45,"") -> 69.4 | U46: =IF('Data Summary'!C173="PASS",'Data - Sample Type 1'!EY45,"") -> 70.1 | W46: =IF('Data Summary'!C173="PASS",'Data - Sample Type 1'!FO45,"") -> 73.5
H47: =IF('Data Summary'!C69="PASS",IF('Data - Sample Type 0'!AE46=0,40,'Data - Sample Type 0'!AE46),"") -> 40 | J47: =IF('Data Summary'!C69="PASS",IF('Data Summary'!A69="","",'Data - Sample Type 0'!Q46),"") -> 25.9 | O47: =IF('Data Summary'!C174="PASS",IF('Data - Sample Type 1'!AE46=0,40,'Data - Sample Type 1'!AE46),"") -> 26.1 | P47: =IF('Data Summary'!C174="PASS",IF('Data - Sample Type 1'!AS46=0,40,'Data - Sample Type 1'!AS46),"") -> 23.8 | Q47: =IF('Data Summary'!C174="PASS",IF('Data - Sample Type 1'!BG46=0,40,'Data - Sample Type 1'!BG46),"") -> 24.8 | R47: =IF('Data Summary'!C174="PASS",IF('Data - Sample Type 1'!CI46=0,40,'Data - Sample Type 1'!CI46),"") -> 22.4 | S47: =IF('Data Summary'!C174="PASS",'Data - Sample Type 1'!DK46,"") -> 69.4 | T47: =IF(COUNTIF(S43:S50,">0")=8-COUNTIF(S43:S50,""),"PASS","FAIL") -> PASS | U47: =IF('Data Summary'!C174="PASS",'Data - Sample Type 1'!EY46,"") -> 70 | V47: =IF(COUNTIF(U43:U50,">0")=8-COUNTIF(U43:U50,""),"PASS","FAIL") -> PASS | W47: =IF('Data Summary'!C174="PASS",'Data - Sample Type 1'!FO46,"") -> 73.5 | X47: =IF(COUNTIF(W43:W50,">0")=8-COUNTIF(W43:W50,""),"PASS","FAIL") -> PASS
G48: 5 | H48: =IF('Data Summary'!C70="PASS",IF('Data - Sample Type 0'!AE47=0,40,'Data - Sample Type 0'!AE47),"") -> 40 | I48: =IF(I43>=Specifications!$D$26,"PASS","FAIL") -> PASS | J48: =IF('Data Summary'!C70="PASS",IF('Data Summary'!A70="","",'Data - Sample Type 0'!Q47),"") -> 24.1 | K48: =IF(K43<=Specifications!$B$26,"PASS","FAIL") -> PASS | O48: =IF('Data Summary'!C175="PASS",IF('Data - Sample Type 1'!AE47=0,40,'Data - Sample Type 1'!AE47),"") -> 25.5 | P48: =IF('Data Summary'!C175="PASS",IF('Data - Sample Type 1'!AS47=0,40,'Data - Sample Type 1'!AS47),"") -> 23.1 | Q48: =IF('Data Summary'!C175="PASS",IF('Data - Sample Type 1'!BG47=0,40,'Data - Sample Type 1'!BG47),"") -> 24.2 | R48: =IF('Data Summary'!C175="PASS",IF('Data - Sample Type 1'!CI47=0,40,'Data - Sample Type 1'!CI47),"") -> 21.9 | S48: =IF('Data Summary'!C175="PASS",'Data - Sample Type 1'!DK47,"") -> 69.3 | U48: =IF('Data Summary'!C175="PASS",'Data - Sample Type 1'!EY47,"") -> 70 | W48: =IF('Data Summary'!C175="PASS",'Data - Sample Type 1'!FO47,"") -> 73.5
H49: =IF('Data Summary'!C71="PASS",IF('Data - Sample Type 0'!AE48=0,40,'Data - Sample Type 0'!AE48),"") -> 40 | J49: =IF('Data Summary'!C71="PASS",IF('Data Summary'!A71="","",'Data - Sample Type 0'!Q48),"") -> 23.9 | O49: =IF('Data Summary'!C176="PASS",IF('Data - Sample Type 1'!AE48=0,40,'Data - Sample Type 1'!AE48),"") -> 26.1 | P49: =IF('Data Summary'!C176="PASS",IF('Data - Sample Type 1'!AS48=0,40,'Data - Sample Type 1'!AS48),"") -> 23.9 | Q49: =IF('Data Summary'!C176="PASS",IF('Data - Sample Type 1'!BG48=0,40,'Data - Sample Type 1'!BG48),"") -> 24.9 | R49: =IF('Data Summary'!C176="PASS",IF('Data - Sample Type 1'!CI48=0,40,'Data - Sample Type 1'!CI48),"") -> 22.7 | S49: =IF('Data Summary'!C176="PASS",'Data - Sample Type 1'!DK48,"") -> 69.4 | U49: =IF('Data Summary'!C176="PASS",'Data - Sample Type 1'!EY48,"") -> 70 | W49: =IF('Data Summary'!C176="PASS",'Data - Sample Type 1'!FO48,"") -> 73.6
H50: =IF('Data Summary'!C72="PASS",IF('Data - Sample Type 0'!AE49=0,40,'Data - Sample Type 0'!AE49),"") -> 40 | J50: =IF('Data Summary'!C72="PASS",IF('Data Summary'!A72="","",'Data - Sample Type 0'!Q49),"") -> 24.7 | O50: =IF('Data Summary'!C177="PASS",IF('Data - Sample Type 1'!AE49=0,40,'Data - Sample Type 1'!AE49),"") -> 25.8 | P50: =IF('Data Summary'!C177="PASS",IF('Data - Sample Type 1'!AS49=0,40,'Data - Sample Type 1'!AS49),"") -> 23.3 | Q50: =IF('Data Summary'!C177="PASS",IF('Data - Sample Type 1'!BG49=0,40,'Data - Sample Type 1'!BG49),"") -> 24.3 | R50: =IF('Data Summary'!C177="PASS",IF('Data - Sample Type 1'!CI49=0,40,'Data - Sample Type 1'!CI49),"") -> 21.9 | S50: =IF('Data Summary'!C177="PASS",'Data - Sample Type 1'!DK49,"") -> 69.5 | U50: =IF('Data Summary'!C177="PASS",'Data - Sample Type 1'!EY49,"") -> 70.1 | W50: =IF('Data Summary'!C177="PASS",'Data - Sample Type 1'!FO49,"") -> 73.6
H51: =IF('Data Summary'!C73="PASS",IF('Data - Sample Type 0'!AE50=0,40,'Data - Sample Type 0'!AE50),"") -> 40 | J51: =IF('Data Summary'!C73="PASS",IF('Data Summary'!A73="","",'Data - Sample Type 0'!Q50),"") -> 24.8 | N51: 7 | O51: =IF('Data Summary'!C178="PASS",IF('Data - Sample Type 1'!AE50=0,40,'Data - Sample Type 1'!AE50),"") -> 25.3 | P51: =IF('Data Summary'!C178="PASS",IF('Data - Sample Type 1'!AS50=0,40,'Data - Sample Type 1'!AS50),"") -> 22.6 | Q51: =IF('Data Summary'!C178="PASS",IF('Data - Sample Type 1'!BG50=0,40,'Data - Sample Type 1'!BG50),"") -> 23.5 | R51: =IF('Data Summary'!C178="PASS",IF('Data - Sample Type 1'!CI50=0,40,'Data - Sample Type 1'!CI50),"") -> 21.2 | S51: =IF('Data Summary'!C178="PASS",'Data - Sample Type 1'!DK50,"") -> 69.4 | T51: =ROUND(AVERAGE(S51:S58),1) -> 69.3 | U51: =IF('Data Summary'!C178="PASS",'Data - Sample Type 1'!EY50,"") -> 70 | V51: =ROUND(AVERAGE(U51:U58),1) -> 70 | W51: =IF('Data Summary'!C178="PASS",'Data - Sample Type 1'!FO50,"") -> 73.6 | X51: =ROUND(AVERAGE(W51:W58),1) -> 73.5
H52: =IF('Data Summary'!C74="PASS",IF('Data - Sample Type 0'!AE51=0,40,'Data - Sample Type 0'!AE51),"") -> 40 | J52: =IF('Data Summary'!C74="PASS",IF('Data Summary'!A74="","",'Data - Sample Type 0'!Q51),"") -> 24.8 | O52: =IF('Data Summary'!C179="PASS",IF('Data - Sample Type 1'!AE51=0,40,'Data - Sample Type 1'!AE51),"") -> 27.1 | P52: =IF('Data Summary'!C179="PASS",IF('Data - Sample Type 1'!AS51=0,40,'Data - Sample Type 1'!AS51),"") -> 24.2 | Q52: =IF('Data Summary'!C179="PASS",IF('Data - Sample Type 1'!BG51=0,40,'Data - Sample Type 1'!BG51),"") -> 25.2 | R52: =IF('Data Summary'!C179="PASS",IF('Data - Sample Type 1'!CI51=0,40,'Data - Sample Type 1'!CI51),"") -> 22.7 | S52: =IF('Data Summary'!C179="PASS",'Data - Sample Type 1'!DK51,"") -> 69.4 | U52: =IF('Data Summary'!C179="PASS",'Data - Sample Type 1'!EY51,"") -> 70.1 | W52: =IF('Data Summary'!C179="PASS",'Data - Sample Type 1'!FO51,"") -> 73.6
G53: 6 | H53: =IF('Data Summary'!C75="PASS",IF('Data - Sample Type 0'!AE52=0,40,'Data - Sample Type 0'!AE52),"") -> 40 | I53: =ROUND(AVERAGE(H53:H62),1) -> 40 | J53: =IF('Data Summary'!C75="PASS",IF('Data Summary'!A75="","",'Data - Sample Type 0'!Q52),"") -> 25 | K53: =ROUND(AVERAGE(J53:J62),1) -> 24.5 | O53: =IF('Data Summary'!C180="PASS",IF('Data - Sample Type 1'!AE52=0,40,'Data - Sample Type 1'!AE52),"") | P53: =IF('Data Summary'!C180="PASS",IF('Data - Sample Type 1'!AS52=0,40,'Data - Sample Type 1'!AS52),"") | Q53: =IF('Data Summary'!C180="PASS",IF('Data - Sample Type 1'!BG52=0,40,'Data - Sample Type 1'!BG52),"") | R53: =IF('Data Summary'!C180="PASS",IF('Data - Sample Type 1'!CI52=0,40,'Data - Sample Type 1'!CI52),"") | S53: =IF('Data Summary'!C180="PASS",'Data - Sample Type 1'!DK52,"") | U53: =IF('Data Summary'!C180="PASS",'Data - Sample Type 1'!EY52,"") | W53: =IF('Data Summary'!C180="PASS",'Data - Sample Type 1'!FO52,"")
H54: =IF('Data Summary'!C76="PASS",IF('Data - Sample Type 0'!AE53=0,40,'Data - Sample Type 0'!AE53),"") -> 40 | J54: =IF('Data Summary'!C76="PASS",IF('Data Summary'!A76="","",'Data - Sample Type 0'!Q53),"") -> 25.8 | O54: =IF('Data Summary'!C181="PASS",IF('Data - Sample Type 1'!AE53=0,40,'Data - Sample Type 1'!AE53),"") -> 27.1 | P54: =IF('Data Summary'!C181="PASS",IF('Data - Sample Type 1'!AS53=0,40,'Data - Sample Type 1'!AS53),"") -> 24.4 | Q54: =IF('Data Summary'!C181="PASS",IF('Data - Sample Type 1'!BG53=0,40,'Data - Sample Type 1'!BG53),"") -> 25.9 | R54: =IF('Data Summary'!C181="PASS",IF('Data - Sample Type 1'!CI53=0,40,'Data - Sample Type 1'!CI53),"") -> 23.4 | S54: =IF('Data Summary'!C181="PASS",'Data - Sample Type 1'!DK53,"") -> 69.1 | U54: =IF('Data Summary'!C181="PASS",'Data - Sample Type 1'!EY53,"") -> 69.8 | W54: =IF('Data Summary'!C181="PASS",'Data - Sample Type 1'!FO53,"") -> 73.4
G55: 6 | H55: =IF('Data Summary'!C77="PASS",IF('Data - Sample Type 0'!AE54=0,40,'Data - Sample Type 0'!AE54),"") -> 40 | J55: =IF('Data Summary'!C77="PASS",IF('Data Summary'!A77="","",'Data - Sample Type 0'!Q54),"") -> 24 | O55: =IF('Data Summary'!C182="PASS",IF('Data - Sample Type 1'!AE54=0,40,'Data - Sample Type 1'!AE54),"") -> 26.6 | P55: =IF('Data Summary'!C182="PASS",IF('Data - Sample Type 1'!AS54=0,40,'Data - Sample Type 1'!AS54),"") -> 24.9 | Q55: =IF('Data Summary'!C182="PASS",IF('Data - Sample Type 1'!BG54=0,40,'Data - Sample Type 1'!BG54),"") -> 25.7 | R55: =IF('Data Summary'!C182="PASS",IF('Data - Sample Type 1'!CI54=0,40,'Data - Sample Type 1'!CI54),"") -> 23 | S55: =IF('Data Summary'!C182="PASS",'Data - Sample Type 1'!DK54,"") -> 69.3 | T55: =IF(COUNTIF(S51:S58,">0")=8-COUNTIF(S51:S58,""),"PASS","FAIL") -> PASS | U55: =IF('Data Summary'!C182="PASS",'Data - Sample Type 1'!EY54,"") -> 69.9 | V55: =IF(COUNTIF(U51:U58,">0")=8-COUNTIF(U51:U58,""),"PASS","FAIL") -> PASS | W55: =IF('Data Summary'!C182="PASS",'Data - Sample Type 1'!FO54,"") -> 73.4 | X55: =IF(COUNTIF(W51:W58,">0")=8-COUNTIF(W51:W58,""),"PASS","FAIL") -> PASS
H56: =IF('Data Summary'!C78="PASS",IF('Data - Sample Type 0'!AE55=0,40,'Data - Sample Type 0'!AE55),"") -> 40 | J56: =IF('Data Summary'!C78="PASS",IF('Data Summary'!A78="","",'Data - Sample Type 0'!Q55),"") -> 24.5 | O56: =IF('Data Summary'!C183="PASS",IF('Data - Sample Type 1'!AE55=0,40,'Data - Sample Type 1'!AE55),"") -> 26.9 | P56: =IF('Data Summary'!C183="PASS",IF('Data - Sample Type 1'!AS55=0,40,'Data - Sample Type 1'!AS55),"") -> 24.8 | Q56: =IF('Data Summary'!C183="PASS",IF('Data - Sample Type 1'!BG55=0,40,'Data - Sample Type 1'!BG55),"") -> 25.9 | R56: =IF('Data Summary'!C183="PASS",IF('Data - Sample Type 1'!CI55=0,40,'Data - Sample Type 1'!CI55),"") -> 23.6 | S56: =IF('Data Summary'!C183="PASS",'Data - Sample Type 1'!DK55,"") -> 69.4 | U56: =IF('Data Summary'!C183="PASS",'Data - Sample Type 1'!EY55,"") -> 69.9 | W56: =IF('Data Summary'!C183="PASS",'Data - Sample Type 1'!FO55,"") -> 73.5
H57: =IF('Data Summary'!C79="PASS",IF('Data - Sample Type 0'!AE56=0,40,'Data - Sample Type 0'!AE56),"") -> 40 | J57: =IF('Data Summary'!C79="PASS",IF('Data Summary'!A79="","",'Data - Sample Type 0'!Q56),"") -> 23.7 | O57: =IF('Data Summary'!C184="PASS",IF('Data - Sample Type 1'!AE56=0,40,'Data - Sample Type 1'!AE56),"") -> 26 | P57: =IF('Data Summary'!C184="PASS",IF('Data - Sample Type 1'!AS56=0,40,'Data - Sample Type 1'!AS56),"") -> 23.3 | Q57: =IF('Data Summary'!C184="PASS",IF('Data - Sample Type 1'!BG56=0,40,'Data - Sample Type 1'!BG56),"") -> 24.4 | R57: =IF('Data Summary'!C184="PASS",IF('Data - Sample Type 1'!CI56=0,40,'Data - Sample Type 1'!CI56),"") -> 22.2 | S57: =IF('Data Summary'!C184="PASS",'Data - Sample Type 1'!DK56,"") -> 69.4 | U57: =IF('Data Summary'!C184="PASS",'Data - Sample Type 1'!EY56,"") -> 70.1 | W57: =IF('Data Summary'!C184="PASS",'Data - Sample Type 1'!FO56,"") -> 73.6
H58: =IF('Data Summary'!C80="PASS",IF('Data - Sample Type 0'!AE57=0,40,'Data - Sample Type 0'!AE57),"") -> 40 | I58: =IF(I53>=Specifications!$D$26,"PASS","FAIL") -> PASS | J58: =IF('Data Summary'!C80="PASS",IF('Data Summary'!A80="","",'Data - Sample Type 0'!Q57),"") -> 25.9 | K58: =IF(K53<=Specifications!$B$26,"PASS","FAIL") -> PASS | O58: =IF('Data Summary'!C185="PASS",IF('Data - Sample Type 1'!AE57=0,40,'Data - Sample Type 1'!AE57),"") -> 26.5 | P58: =IF('Data Summary'!C185="PASS",IF('Data - Sample Type 1'!AS57=0,40,'Data - Sample Type 1'!AS57),"") -> 23.5 | Q58: =IF('Data Summary'!C185="PASS",IF('Data - Sample Type 1'!BG57=0,40,'Data - Sample Type 1'!BG57),"") -> 24.6 | R58: =IF('Data Summary'!C185="PASS",IF('Data - Sample Type 1'!CI57=0,40,'Data - Sample Type 1'!CI57),"") -> 22.4 | S58: =IF('Data Summary'!C185="PASS",'Data - Sample Type 1'!DK57,"") -> 69.3 | U58: =IF('Data Summary'!C185="PASS",'Data - Sample Type 1'!EY57,"") -> 69.9 | W58: =IF('Data Summary'!C185="PASS",'Data - Sample Type 1'!FO57,"") -> 73.4
H59: =IF('Data Summary'!C81="PASS",IF('Data - Sample Type 0'!AE58=0,40,'Data - Sample Type 0'!AE58),"") -> 40 | J59: =IF('Data Summary'!C81="PASS",IF('Data Summary'!A81="","",'Data - Sample Type 0'!Q58),"") -> 24.2 | N59: 8 | O59: =IF('Data Summary'!C186="PASS",IF('Data - Sample Type 1'!AE58=0,40,'Data - Sample Type 1'!AE58),"") -> 27.7 | P59: =IF('Data Summary'!C186="PASS",IF('Data - Sample Type 1'!AS58=0,40,'Data - Sample Type 1'!AS58),"") -> 26 | Q59: =IF('Data Summary'!C186="PASS",IF('Data - Sample Type 1'!BG58=0,40,'Data - Sample Type 1'!BG58),"") -> 26.9 | R59: =IF('Data Summary'!C186="PASS",IF('Data - Sample Type 1'!CI58=0,40,'Data - Sample Type 1'!CI58),"") -> 24.6 | S59: =IF('Data Summary'!C186="PASS",'Data - Sample Type 1'!DK58,"") -> 69.4 | T59: =ROUND(AVERAGE(S59:S66),1) -> 69.3 | U59: =IF('Data Summary'!C186="PASS",'Data - Sample Type 1'!EY58,"") -> 70.2 | V59: =ROUND(AVERAGE(U59:U66),1) -> 70 | W59: =IF('Data Summary'!C186="PASS",'Data - Sample Type 1'!FO58,"") -> 73.6 | X59: =ROUND(AVERAGE(W59:W66),1) -> 73.5
H60: =IF('Data Summary'!C82="PASS",IF('Data - Sample Type 0'!AE59=0,40,'Data - Sample Type 0'!AE59),"") -> 40 | J60: =IF('Data Summary'!C82="PASS",IF('Data Summary'!A82="","",'Data - Sample Type 0'!Q59),"") -> 24.1 | O60: =IF('Data Summary'!C187="PASS",IF('Data - Sample Type 1'!AE59=0,40,'Data - Sample Type 1'!AE59),"") -> 26.6 | P60: =IF('Data Summary'!C187="PASS",IF('Data - Sample Type 1'!AS59=0,40,'Data - Sample Type 1'!AS59),"") -> 24.6 | Q60: =IF('Data Summary'!C187="PASS",IF('Data - Sample Type 1'!BG59=0,40,'Data - Sample Type 1'!BG59),"") -> 25.8 | R60: =IF('Data Summary'!C187="PASS",IF('Data - Sample Type 1'!CI59=0,40,'Data - Sample Type 1'!CI59),"") -> 23 | S60: =IF('Data Summary'!C187="PASS",'Data - Sample Type 1'!DK59,"") -> 69.3 | U60: =IF('Data Summary'!C187="PASS",'Data - Sample Type 1'!EY59,"") -> 69.9 | W60: =IF('Data Summary'!C187="PASS",'Data - Sample Type 1'!FO59,"") -> 73.4
H61: =IF('Data Summary'!C83="PASS",IF('Data - Sample Type 0'!AE60=0,40,'Data - Sample Type 0'!AE60),"") -> 40 | J61: =IF('Data Summary'!C83="PASS",IF('Data Summary'!A83="","",'Data - Sample Type 0'!Q60),"") -> 24 | O61: =IF('Data Summary'!C188="PASS",IF('Data - Sample Type 1'!AE60=0,40,'Data - Sample Type 1'!AE60),"") -> 28 | P61: =IF('Data Summary'!C188="PASS",IF('Data - Sample Type 1'!AS60=0,40,'Data - Sample Type 1'!AS60),"") -> 25.7 | Q61: =IF('Data Summary'!C188="PASS",IF('Data - Sample Type 1'!BG60=0,40,'Data - Sample Type 1'!BG60),"") -> 26.7 | R61: =IF('Data Summary'!C188="PASS",IF('Data - Sample Type 1'!CI60=0,40,'Data - Sample Type 1'!CI60),"") -> 24.6 | S61: =IF('Data Summary'!C188="PASS",'Data - Sample Type 1'!DK60,"") -> 69.5 | U61: =IF('Data Summary'!C188="PASS",'Data - Sample Type 1'!EY60,"") -> 70 | W61: =IF('Data Summary'!C188="PASS",'Data - Sample Type 1'!FO60,"") -> 73.6
H62: =IF('Data Summary'!C84="PASS",IF('Data - Sample Type 0'!AE61=0,40,'Data - Sample Type 0'!AE61),"") -> 40 | J62: =IF('Data Summary'!C84="PASS",IF('Data Summary'!A84="","",'Data - Sample Type 0'!Q61),"") -> 23.7 | O62: =IF('Data Summary'!C189="PASS",IF('Data - Sample Type 1'!AE61=0,40,'Data - Sample Type 1'!AE61),"") -> 26.4 | P62: =IF('Data Summary'!C189="PASS",IF('Data - Sample Type 1'!AS61=0,40,'Data - Sample Type 1'!AS61),"") -> 23.5 | Q62: =IF('Data Summary'!C189="PASS",IF('Data - Sample Type 1'!BG61=0,40,'Data - Sample Type 1'!BG61),"") -> 24.7 | R62: =IF('Data Summary'!C189="PASS",IF('Data - Sample Type 1'!CI61=0,40,'Data - Sample Type 1'!CI61),"") -> 22.4 | S62: =IF('Data Summary'!C189="PASS",'Data - Sample Type 1'!DK61,"") -> 69.2 | U62: =IF('Data Summary'!C189="PASS",'Data - Sample Type 1'!EY61,"") -> 69.9 | W62: =IF('Data Summary'!C189="PASS",'Data - Sample Type 1'!FO61,"") -> 73.4
G63: 7 | H63: =IF('Data Summary'!C85="PASS",IF('Data - Sample Type 0'!AE62=0,40,'Data - Sample Type 0'!AE62),"") -> 40 | I63: =ROUND(AVERAGE(H63:H72),1) -> 40 | J63: =IF('Data Summary'!C85="PASS",IF('Data Summary'!A85="","",'Data - Sample Type 0'!Q62),"") -> 24.5 | K63: =ROUND(AVERAGE(J63:J72),1) -> 24.6 | O63: =IF('Data Summary'!C190="PASS",IF('Data - Sample Type 1'!AE62=0,40,'Data - Sample Type 1'!AE62),"") -> 27.7 | P63: =IF('Data Summary'!C190="PASS",IF('Data - Sample Type 1'!AS62=0,40,'Data - Sample Type 1'!AS62),"") -> 26 | Q63: =IF('Data Summary'!C190="PASS",IF('Data - Sample Type 1'!BG62=0,40,'Data - Sample Type 1'!BG62),"") -> 27.4 | R63: =IF('Data Summary'!C190="PASS",IF('Data - Sample Type 1'!CI62=0,40,'Data - Sample Type 1'!CI62),"") -> 24.8 | S63: =IF('Data Summary'!C190="PASS",'Data - Sample Type 1'!DK62,"") -> 69.4 | T63: =IF(COUNTIF(S59:S66,">0")=8-COUNTIF(S59:S66,""),"PASS","FAIL") -> PASS | U63: =IF('Data Summary'!C190="PASS",'Data - Sample Type 1'!EY62,"") -> 70.1 | V63: =IF(COUNTIF(U59:U66,">0")=8-COUNTIF(U59:U66,""),"PASS","FAIL") -> PASS | W63: =IF('Data Summary'!C190="PASS",'Data - Sample Type 1'!FO62,"") -> 73.5 | X63: =IF(COUNTIF(W59:W66,">0")=8-COUNTIF(W59:W66,""),"PASS","FAIL") -> PASS
H64: =IF('Data Summary'!C86="PASS",IF('Data - Sample Type 0'!AE63=0,40,'Data - Sample Type 0'!AE63),"") -> 40 | J64: =IF('Data Summary'!C86="PASS",IF('Data Summary'!A86="","",'Data - Sample Type 0'!Q63),"") -> 24.1 | O64: =IF('Data Summary'!C191="PASS",IF('Data - Sample Type 1'!AE63=0,40,'Data - Sample Type 1'!AE63),"") -> 25.9 | P64: =IF('Data Summary'!C191="PASS",IF('Data - Sample Type 1'!AS63=0,40,'Data - Sample Type 1'!AS63),"") -> 24 | Q64: =IF('Data Summary'!C191="PASS",IF('Data - Sample Type 1'!BG63=0,40,'Data - Sample Type 1'!BG63),"") -> 24.8 | R64: =IF('Data Summary'!C191="PASS",IF('Data - Sample Type 1'!CI63=0,40,'Data - Sample Type 1'!CI63),"") -> 22.4 | S64: =IF('Data Summary'!C191="PASS",'Data - Sample Type 1'!DK63,"") -> 69.2 | U64: =IF('Data Summary'!C191="PASS",'Data - Sample Type 1'!EY63,"") -> 69.8 | W64: =IF('Data Summary'!C191="PASS",'Data - Sample Type 1'!FO63,"") -> 73.3
H65: =IF('Data Summary'!C87="PASS",IF('Data - Sample Type 0'!AE64=0,40,'Data - Sample Type 0'!AE64),"") -> 40 | J65: =IF('Data Summary'!C87="PASS",IF('Data Summary'!A87="","",'Data - Sample Type 0'!Q64),"") -> 24.7 | O65: =IF('Data Summary'!C192="PASS",IF('Data - Sample Type 1'!AE64=0,40,'Data - Sample Type 1'!AE64),"") -> 26.9 | P65: =IF('Data Summary'!C192="PASS",IF('Data - Sample Type 1'!AS64=0,40,'Data - Sample Type 1'!AS64),"") -> 24.6 | Q65: =IF('Data Summary'!C192="PASS",IF('Data - Sample Type 1'!BG64=0,40,'Data - Sample Type 1'!BG64),"") -> 25.6 | R65: =IF('Data Summary'!C192="PASS",IF('Data - Sample Type 1'!CI64=0,40,'Data - Sample Type 1'!CI64),"") -> 23.4 | S65: =IF('Data Summary'!C192="PASS",'Data - Sample Type 1'!DK64,"") -> 69.3 | U65: =IF('Data Summary'!C192="PASS",'Data - Sample Type 1'!EY64,"") -> 69.9 | W65: =IF('Data Summary'!C192="PASS",'Data - Sample Type 1'!FO64,"") -> 73.5
H66: =IF('Data Summary'!C88="PASS",IF('Data - Sample Type 0'!AE65=0,40,'Data - Sample Type 0'!AE65),"") -> 40 | J66: =IF('Data Summary'!C88="PASS",IF('Data Summary'!A88="","",'Data - Sample Type 0'!Q65),"") -> 25.7 | O66: =IF('Data Summary'!C193="PASS",IF('Data - Sample Type 1'!AE65=0,40,'Data - Sample Type 1'!AE65),"") -> 25.8 | P66: =IF('Data Summary'!C193="PASS",IF('Data - Sample Type 1'!AS65=0,40,'Data - Sample Type 1'!AS65),"") -> 24.2 | Q66: =IF('Data Summary'!C193="PASS",IF('Data - Sample Type 1'!BG65=0,40,'Data - Sample Type 1'!BG65),"") -> 25.1 | R66: =IF('Data Summary'!C193="PASS",IF('Data - Sample Type 1'!CI65=0,40,'Data - Sample Type 1'!CI65),"") -> 23 | S66: =IF('Data Summary'!C193="PASS",'Data - Sample Type 1'!DK65,"") -> 69.3 | U66: =IF('Data Summary'!C193="PASS",'Data - Sample Type 1'!EY65,"") -> 70 | W66: =IF('Data Summary'!C193="PASS",'Data - Sample Type 1'!FO65,"") -> 73.5
G67: 7 | H67: =IF('Data Summary'!C89="PASS",IF('Data - Sample Type 0'!AE66=0,40,'Data - Sample Type 0'!AE66),"") -> 40 | J67: =IF('Data Summary'!C89="PASS",IF('Data Summary'!A89="","",'Data - Sample Type 0'!Q66),"") -> 24.2 | N67: 9 | O67: =IF('Data Summary'!C194="PASS",IF('Data - Sample Type 1'!AE66=0,40,'Data - Sample Type 1'!AE66),"") -> 25.4 | P67: =IF('Data Summary'!C194="PASS",IF('Data - Sample Type 1'!AS66=0,40,'Data - Sample Type 1'!AS66),"") -> 23.4 | Q67: =IF('Data Summary'!C194="PASS",IF('Data - Sample Type 1'!BG66=0,40,'Data - Sample Type 1'!BG66),"") -> 24.4 | R67: =IF('Data Summary'!C194="PASS",IF('Data - Sample Type 1'!CI66=0,40,'Data - Sample Type 1'!CI66),"") -> 21.9 | S67: =IF('Data Summary'!C194="PASS",'Data - Sample Type 1'!DK66,"") -> 69.4 | T67: =ROUND(AVERAGE(S67:S74),1) -> 69.3 | U67: =IF('Data Summary'!C194="PASS",'Data - Sample Type 1'!EY66,"") -> 70.1 | V67: =ROUND(AVERAGE(U67:U74),1) -> 69.9 | W67: =IF('Data Summary'!C194="PASS",'Data - Sample Type 1'!FO66,"") -> 73.7 | X67: =ROUND(AVERAGE(W67:W74),1) -> 73.5
H68: =IF('Data Summary'!C90="PASS",IF('Data - Sample Type 0'!AE67=0,40,'Data - Sample Type 0'!AE67),"") -> 40 | I68: =IF(I63>=Specifications!$D$26,"PASS","FAIL") -> PASS | J68: =IF('Data Summary'!C90="PASS",IF('Data Summary'!A90="","",'Data - Sample Type 0'!Q67),"") -> 23.8 | K68: =IF(K63<=Specifications!$B$26,"PASS","FAIL") -> PASS | O68: =IF('Data Summary'!C195="PASS",IF('Data - Sample Type 1'!AE67=0,40,'Data - Sample Type 1'!AE67),"") -> 26.7 | P68: =IF('Data Summary'!C195="PASS",IF('Data - Sample Type 1'!AS67=0,40,'Data - Sample Type 1'!AS67),"") -> 24.2 | Q68: =IF('Data Summary'!C195="PASS",IF('Data - Sample Type 1'!BG67=0,40,'Data - Sample Type 1'!BG67),"") -> 25.1 | R68: =IF('Data Summary'!C195="PASS",IF('Data - Sample Type 1'!CI67=0,40,'Data - Sample Type 1'!CI67),"") -> 22.3 | S68: =IF('Data Summary'!C195="PASS",'Data - Sample Type 1'!DK67,"") -> 69.2 | U68: =IF('Data Summary'!C195="PASS",'Data - Sample Type 1'!EY67,"") -> 69.9 | W68: =IF('Data Summary'!C195="PASS",'Data - Sample Type 1'!FO67,"") -> 73.4
H69: =IF('Data Summary'!C91="PASS",IF('Data - Sample Type 0'!AE68=0,40,'Data - Sample Type 0'!AE68),"") -> 40 | J69: =IF('Data Summary'!C91="PASS",IF('Data Summary'!A91="","",'Data - Sample Type 0'!Q68),"") -> 24.8 | O69: =IF('Data Summary'!C196="PASS",IF('Data - Sample Type 1'!AE68=0,40,'Data - Sample Type 1'!AE68),"") -> 26 | P69: =IF('Data Summary'!C196="PASS",IF('Data - Sample Type 1'!AS68=0,40,'Data - Sample Type 1'!AS68),"") -> 22.9 | Q69: =IF('Data Summary'!C196="PASS",IF('Data - Sample Type 1'!BG68=0,40,'Data - Sample Type 1'!BG68),"") -> 23.9 | R69: =IF('Data Summary'!C196="PASS",IF('Data - Sample Type 1'!CI68=0,40,'Data - Sample Type 1'!CI68),"") -> 21.8 | S69: =IF('Data Summary'!C196="PASS",'Data - Sample Type 1'!DK68,"") -> 69.2 | U69: =IF('Data Summary'!C196="PASS",'Data - Sample Type 1'!EY68,"") -> 69.8 | W69: =IF('Data Summary'!C196="PASS",'Data - Sample Type 1'!FO68,"") -> 73.4
H70: =IF('Data Summary'!C92="PASS",IF('Data - Sample Type 0'!AE69=0,40,'Data - Sample Type 0'!AE69),"") -> 40 | J70: =IF('Data Summary'!C92="PASS",IF('Data Summary'!A92="","",'Data - Sample Type 0'!Q69),"") -> 26.2 | O70: =IF('Data Summary'!C197="PASS",IF('Data - Sample Type 1'!AE69=0,40,'Data - Sample Type 1'!AE69),"") -> 26.5 | P70: =IF('Data Summary'!C197="PASS",IF('Data - Sample Type 1'!AS69=0,40,'Data - Sample Type 1'!AS69),"") -> 22.9 | Q70: =IF('Data Summary'!C197="PASS",IF('Data - Sample Type 1'!BG69=0,40,'Data - Sample Type 1'!BG69),"") -> 24.3 | R70: =IF('Data Summary'!C197="PASS",IF('Data - Sample Type 1'!CI69=0,40,'Data - Sample Type 1'!CI69),"") -> 21.7 | S70: =IF('Data Summary'!C197="PASS",'Data - Sample Type 1'!DK69,"") -> 69.1 | U70: =IF('Data Summary'!C197="PASS",'Data - Sample Type 1'!EY69,"") -> 69.7 | W70: =IF('Data Summary'!C197="PASS",'Data - Sample Type 1'!FO69,"") -> 73.3
H71: =IF('Data Summary'!C93="PASS",IF('Data - Sample Type 0'!AE70=0,40,'Data - Sample Type 0'!AE70),"") -> 40 | J71: =IF('Data Summary'!C93="PASS",IF('Data Summary'!A93="","",'Data - Sample Type 0'!Q70),"") -> 23.9 | O71: =IF('Data Summary'!C198="PASS",IF('Data - Sample Type 1'!AE70=0,40,'Data - Sample Type 1'!AE70),"") -> 25.3 | P71: =IF('Data Summary'!C198="PASS",IF('Data - Sample Type 1'!AS70=0,40,'Data - Sample Type 1'!AS70),"") -> 23.1 | Q71: =IF('Data Summary'!C198="PASS",IF('Data - Sample Type 1'!BG70=0,40,'Data - Sample Type 1'!BG70),"") -> 23.5 | R71: =IF('Data Summary'!C198="PASS",IF('Data - Sample Type 1'!CI70=0,40,'Data - Sample Type 1'!CI70),"") -> 20.6 | S71: =IF('Data Summary'!C198="PASS",'Data - Sample Type 1'!DK70,"") -> 69.2 | T71: =IF(COUNTIF(S67:S74,">0")=8-COUNTIF(S67:S74,""),"PASS","FAIL") -> PASS | U71: =IF('Data Summary'!C198="PASS",'Data - Sample Type 1'!EY70,"") -> 69.8 | V71: =IF(COUNTIF(U67:U74,">0")=8-COUNTIF(U67:U74,""),"PASS","FAIL") -> PASS | W71: =IF('Data Summary'!C198="PASS",'Data - Sample Type 1'!FO70,"") -> 73.4 | X71: =IF(COUNTIF(W67:W74,">0")=8-COUNTIF(W67:W74,""),"PASS","FAIL") -> PASS
H72: =IF('Data Summary'!C94="PASS",IF('Data - Sample Type 0'!AE71=0,40,'Data - Sample Type 0'!AE71),"") -> 40 | J72: =IF('Data Summary'!C94="PASS",IF('Data Summary'!A94="","",'Data - Sample Type 0'!Q71),"") -> 24.1 | O72: =IF('Data Summary'!C199="PASS",IF('Data - Sample Type 1'!AE71=0,40,'Data - Sample Type 1'!AE71),"") -> 26.9 | P72: =IF('Data Summary'!C199="PASS",IF('Data - Sample Type 1'!AS71=0,40,'Data - Sample Type 1'!AS71),"") -> 24.7 | Q72: =IF('Data Summary'!C199="PASS",IF('Data - Sample Type 1'!BG71=0,40,'Data - Sample Type 1'!BG71),"") -> 26 | R72: =IF('Data Summary'!C199="PASS",IF('Data - Sample Type 1'!CI71=0,40,'Data - Sample Type 1'!CI71),"") -> 23.7 | S72: =IF('Data Summary'!C199="PASS",'Data - Sample Type 1'!DK71,"") -> 69.4 | U72: =IF('Data Summary'!C199="PASS",'Data - Sample Type 1'!EY71,"") -> 70.1 | W72: =IF('Data Summary'!C199="PASS",'Data - Sample Type 1'!FO71,"") -> 73.6
G73: 8 | H73: =IF('Data Summary'!C95="PASS",IF('Data - Sample Type 0'!AE72=0,40,'Data - Sample Type 0'!AE72),"") -> 40 | I73: =ROUND(AVERAGE(H73:H82),1) -> 40 | J73: =IF('Data Summary'!C95="PASS",IF('Data Summary'!A95="","",'Data - Sample Type 0'!Q72),"") -> 24.8 | K73: =ROUND(AVERAGE(J73:J82),1) -> 24.3 | O73: =IF('Data Summary'!C200="PASS",IF('Data - Sample Type 1'!AE72=0,40,'Data - Sample Type 1'!AE72),"") -> 25.7 | P73: =IF('Data Summary'!C200="PASS",IF('Data - Sample Type 1'!AS72=0,40,'Data - Sample Type 1'!AS72),"") -> 23.5 | Q73: =IF('Data Summary'!C200="PASS",IF('Data - Sample Type 1'!BG72=0,40,'Data - Sample Type 1'!BG72),"") -> 24.6 | R73: =IF('Data Summary'!C200="PASS",IF('Data - Sample Type 1'!CI72=0,40,'Data - Sample Type 1'!CI72),"") -> 22.4 | S73: =IF('Data Summary'!C200="PASS",'Data - Sample Type 1'!DK72,"") -> 69.3 | U73: =IF('Data Summary'!C200="PASS",'Data - Sample Type 1'!EY72,"") -> 70 | W73: =IF('Data Summary'!C200="PASS",'Data - Sample Type 1'!FO72,"") -> 73.6
H74: =IF('Data Summary'!C96="PASS",IF('Data - Sample Type 0'!AE73=0,40,'Data - Sample Type 0'!AE73),"") -> 40 | J74: =IF('Data Summary'!C96="PASS",IF('Data Summary'!A96="","",'Data - Sample Type 0'!Q73),"") -> 23.6 | O74: =IF('Data Summary'!C201="PASS",IF('Data - Sample Type 1'!AE73=0,40,'Data - Sample Type 1'!AE73),"") -> 26 | P74: =IF('Data Summary'!C201="PASS",IF('Data - Sample Type 1'!AS73=0,40,'Data - Sample Type 1'!AS73),"") -> 23.3 | Q74: =IF('Data Summary'!C201="PASS",IF('Data - Sample Type 1'!BG73=0,40,'Data - Sample Type 1'!BG73),"") -> 24.5 | R74: =IF('Data Summary'!C201="PASS",IF('Data - Sample Type 1'!CI73=0,40,'Data - Sample Type 1'!CI73),"") -> 22.2 | S74: =IF('Data Summary'!C201="PASS",'Data - Sample Type 1'!DK73,"") -> 69.3 | U74: =IF('Data Summary'!C201="PASS",'Data - Sample Type 1'!EY73,"") -> 70 | W74: =IF('Data Summary'!C201="PASS",'Data - Sample Type 1'!FO73,"") -> 73.5
H75: =IF('Data Summary'!C97="PASS",IF('Data - Sample Type 0'!AE74=0,40,'Data - Sample Type 0'!AE74),"") -> 40 | J75: =IF('Data Summary'!C97="PASS",IF('Data Summary'!A97="","",'Data - Sample Type 0'!Q74),"") -> 25.5 | N75: 10 | O75: =IF('Data Summary'!C202="PASS",IF('Data - Sample Type 1'!AE74=0,40,'Data - Sample Type 1'!AE74),"") -> 25.6 | P75: =IF('Data Summary'!C202="PASS",IF('Data - Sample Type 1'!AS74=0,40,'Data - Sample Type 1'!AS74),"") -> 23.1 | Q75: =IF('Data Summary'!C202="PASS",IF('Data - Sample Type 1'!BG74=0,40,'Data - Sample Type 1'!BG74),"") -> 24.1 | R75: =IF('Data Summary'!C202="PASS",IF('Data - Sample Type 1'!CI74=0,40,'Data - Sample Type 1'!CI74),"") -> 21.7 | S75: =IF('Data Summary'!C202="PASS",'Data - Sample Type 1'!DK74,"") -> 69.3 | T75: =ROUND(AVERAGE(S75:S82),1) -> 69.3 | U75: =IF('Data Summary'!C202="PASS",'Data - Sample Type 1'!EY74,"") -> 70 | V75: =ROUND(AVERAGE(U75:U82),1) -> 70 | W75: =IF('Data Summary'!C202="PASS",'Data - Sample Type 1'!FO74,"") -> 73.5 | X75: =ROUND(AVERAGE(W75:W82),1) -> 73.5
H76: =IF('Data Summary'!C98="PASS",IF('Data - Sample Type 0'!AE75=0,40,'Data - Sample Type 0'!AE75),"") -> 40 | J76: =IF('Data Summary'!C98="PASS",IF('Data Summary'!A98="","",'Data - Sample Type 0'!Q75),"") -> 26.1 | O76: =IF('Data Summary'!C203="PASS",IF('Data - Sample Type 1'!AE75=0,40,'Data - Sample Type 1'!AE75),"") -> 26.8 | P76: =IF('Data Summary'!C203="PASS",IF('Data - Sample Type 1'!AS75=0,40,'Data - Sample Type 1'!AS75),"") -> 24.6 | Q76: =IF('Data Summary'!C203="PASS",IF('Data - Sample Type 1'!BG75=0,40,'Data - Sample Type 1'!BG75),"") -> 25.4 | R76: =IF('Data Summary'!C203="PASS",IF('Data - Sample Type 1'!CI75=0,40,'Data - Sample Type 1'!CI75),"") -> 23.1 | S76: =IF('Data Summary'!C203="PASS",'Data - Sample Type 1'!DK75,"") -> 69.4 | U76: =IF('Data Summary'!C203="PASS",'Data - Sample Type 1'!EY75,"") -> 70 | W76: =IF('Data Summary'!C203="PASS",'Data - Sample Type 1'!FO75,"") -> 73.6
H77: =IF('Data Summary'!C99="PASS",IF('Data - Sample Type 0'!AE76=0,40,'Data - Sample Type 0'!AE76),"") -> 40 | J77: =IF('Data Summary'!C99="PASS",IF('Data Summary'!A99="","",'Data - Sample Type 0'!Q76),"") -> 23.4 | O77: =IF('Data Summary'!C204="PASS",IF('Data - Sample Type 1'!AE76=0,40,'Data - Sample Type 1'!AE76),"") -> 25.4 | P77: =IF('Data Summary'!C204="PASS",IF('Data - Sample Type 1'!AS76=0,40,'Data - Sample Type 1'!AS76),"") -> 23.2 | Q77: =IF('Data Summary'!C204="PASS",IF('Data - Sample Type 1'!BG76=0,40,'Data - Sample Type 1'!BG76),"") -> 24.4 | R77: =IF('Data Summary'!C204="PASS",IF('Data - Sample Type 1'!CI76=0,40,'Data - Sample Type 1'!CI76),"") -> 22 | S77: =IF('Data Summary'!C204="PASS",'Data - Sample Type 1'!DK76,"") -> 69.4 | U77: =IF('Data Summary'!C204="PASS",'Data - Sample Type 1'!EY76,"") -> 70.1 | W77: =IF('Data Summary'!C204="PASS",'Data - Sample Type 1'!FO76,"") -> 73.6
H78: =IF('Data Summary'!C100="PASS",IF('Data - Sample Type 0'!AE77=0,40,'Data - Sample Type 0'!AE77),"") -> 40 | I78: =IF(I73>=Specifications!$D$26,"PASS","FAIL") -> PASS | J78: =IF('Data Summary'!C100="PASS",IF('Data Summary'!A100="","",'Data - Sample Type 0'!Q77),"") -> 24.7 | K78: =IF(K73<=Specifications!$B$26,"PASS","FAIL") -> PASS | O78: =IF('Data Summary'!C205="PASS",IF('Data - Sample Type 1'!AE77=0,40,'Data - Sample Type 1'!AE77),"") -> 26 | P78: =IF('Data Summary'!C205="PASS",IF('Data - Sample Type 1'!AS77=0,40,'Data - Sample Type 1'!AS77),"") -> 23.2 | Q78: =IF('Data Summary'!C205="PASS",IF('Data - Sample Type 1'!BG77=0,40,'Data - Sample Type 1'!BG77),"") -> 24.4 | R78: =IF('Data Summary'!C205="PASS",IF('Data - Sample Type 1'!CI77=0,40,'Data - Sample Type 1'!CI77),"") -> 22.2 | S78: =IF('Data Summary'!C205="PASS",'Data - Sample Type 1'!DK77,"") -> 69.4 | U78: =IF('Data Summary'!C205="PASS",'Data - Sample Type 1'!EY77,"") -> 70.1 | W78: =IF('Data Summary'!C205="PASS",'Data - Sample Type 1'!FO77,"") -> 73.6
G79: 8 | H79: =IF('Data Summary'!C101="PASS",IF('Data - Sample Type 0'!AE78=0,40,'Data - Sample Type 0'!AE78),"") -> 40 | J79: =IF('Data Summary'!C101="PASS",IF('Data Summary'!A101="","",'Data - Sample Type 0'!Q78),"") -> 24.1 | O79: =IF('Data Summary'!C206="PASS",IF('Data - Sample Type 1'!AE78=0,40,'Data - Sample Type 1'!AE78),"") | P79: =IF('Data Summary'!C206="PASS",IF('Data - Sample Type 1'!AS78=0,40,'Data - Sample Type 1'!AS78),"") | Q79: =IF('Data Summary'!C206="PASS",IF('Data - Sample Type 1'!BG78=0,40,'Data - Sample Type 1'!BG78),"") | R79: =IF('Data Summary'!C206="PASS",IF('Data - Sample Type 1'!CI78=0,40,'Data - Sample Type 1'!CI78),"") | S79: =IF('Data Summary'!C206="PASS",'Data - Sample Type 1'!DK78,"") | T79: =IF(COUNTIF(S75:S82,">0")=8-COUNTIF(S75:S82,""),"PASS","FAIL") -> PASS | U79: =IF('Data Summary'!C206="PASS",'Data - Sample Type 1'!EY78,"") | V79: =IF(COUNTIF(U75:U82,">0")=8-COUNTIF(U75:U82,""),"PASS","FAIL") -> PASS | W79: =IF('Data Summary'!C206="PASS",'Data - Sample Type 1'!FO78,"") | X79: =IF(COUNTIF(W75:W82,">0")=8-COUNTIF(W75:W82,""),"PASS","FAIL") -> PASS
H80: =IF('Data Summary'!C102="PASS",IF('Data - Sample Type 0'!AE79=0,40,'Data - Sample Type 0'!AE79),"") -> 40 | J80: =IF('Data Summary'!C102="PASS",IF('Data Summary'!A102="","",'Data - Sample Type 0'!Q79),"") -> 23.2 | O80: =IF('Data Summary'!C207="PASS",IF('Data - Sample Type 1'!AE79=0,40,'Data - Sample Type 1'!AE79),"") -> 25.9 | P80: =IF('Data Summary'!C207="PASS",IF('Data - Sample Type 1'!AS79=0,40,'Data - Sample Type 1'!AS79),"") -> 23.6 | Q80: =IF('Data Summary'!C207="PASS",IF('Data - Sample Type 1'!BG79=0,40,'Data - Sample Type 1'!BG79),"") -> 24.4 | R80: =IF('Data Summary'!C207="PASS",IF('Data - Sample Type 1'!CI79=0,40,'Data - Sample Type 1'!CI79),"") -> 22.2 | S80: =IF('Data Summary'!C207="PASS",'Data - Sample Type 1'!DK79,"") -> 69.3 | U80: =IF('Data Summary'!C207="PASS",'Data - Sample Type 1'!EY79,"") -> 70 | W80: =IF('Data Summary'!C207="PASS",'Data - Sample Type 1'!FO79,"") -> 73.5
H81: =IF('Data Summary'!C103="PASS",IF('Data - Sample Type 0'!AE80=0,40,'Data - Sample Type 0'!AE80),"") -> 40 | J81: =IF('Data Summary'!C103="PASS",IF('Data Summary'!A103="","",'Data - Sample Type 0'!Q80),"") -> 23.5 | O81: =IF('Data Summary'!C208="PASS",IF('Data - Sample Type 1'!AE80=0,40,'Data - Sample Type 1'!AE80),"") -> 25.4 | P81: =IF('Data Summary'!C208="PASS",IF('Data - Sample Type 1'!AS80=0,40,'Data - Sample Type 1'!AS80),"") -> 23.4 | Q81: =IF('Data Summary'!C208="PASS",IF('Data - Sample Type 1'!BG80=0,40,'Data - Sample Type 1'!BG80),"") -> 24 | R81: =IF('Data Summary'!C208="PASS",IF('Data - Sample Type 1'!CI80=0,40,'Data - Sample Type 1'!CI80),"") -> 21.6 | S81: =IF('Data Summary'!C208="PASS",'Data - Sample Type 1'!DK80,"") -> 69.2 | U81: =IF('Data Summary'!C208="PASS",'Data - Sample Type 1'!EY80,"") -> 69.8 | W81: =IF('Data Summary'!C208="PASS",'Data - Sample Type 1'!FO80,"") -> 73.3
H82: =IF('Data Summary'!C104="PASS",IF('Data - Sample Type 0'!AE81=0,40,'Data - Sample Type 0'!AE81),"") -> 40 | J82: =IF('Data Summary'!C104="PASS",IF('Data Summary'!A104="","",'Data - Sample Type 0'!Q81),"") -> 23.8 | O82: =IF('Data Summary'!C209="PASS",IF('Data - Sample Type 1'!AE81=0,40,'Data - Sample Type 1'!AE81),"") -> 25.5 | P82: =IF('Data Summary'!C209="PASS",IF('Data - Sample Type 1'!AS81=0,40,'Data - Sample Type 1'!AS81),"") -> 23.2 | Q82: =IF('Data Summary'!C209="PASS",IF('Data - Sample Type 1'!BG81=0,40,'Data - Sample Type 1'!BG81),"") -> 23.9 | R82: =IF('Data Summary'!C209="PASS",IF('Data - Sample Type 1'!CI81=0,40,'Data - Sample Type 1'!CI81),"") -> 21.5 | S82: =IF('Data Summary'!C209="PASS",'Data - Sample Type 1'!DK81,"") -> 69.3 | U82: =IF('Data Summary'!C209="PASS",'Data - Sample Type 1'!EY81,"") -> 69.9 | W82: =IF('Data Summary'!C209="PASS",'Data - Sample Type 1'!FO81,"") -> 73.5
G83: 9 | H83: =IF('Data Summary'!C105="PASS",IF('Data - Sample Type 0'!AE82=0,40,'Data - Sample Type 0'!AE82),"") -> 40 | I83: =ROUND(AVERAGE(H83:H92),1) -> 40 | J83: =IF('Data Summary'!C105="PASS",IF('Data Summary'!A105="","",'Data - Sample Type 0'!Q82),"") -> 24.2 | K83: =ROUND(AVERAGE(J83:J92),1) -> 24.5 | O83: IS1081-IS6110 Ct Mean per Data Set | P83: rpo1 Ct Mean per Data Set | Q83: rpo2 Ct Mean per Data Set | R83: rpo4 Ct Mean per Data Set
H84: =IF('Data Summary'!C106="PASS",IF('Data - Sample Type 0'!AE83=0,40,'Data - Sample Type 0'!AE83),"") -> 40 | J84: =IF('Data Summary'!C106="PASS",IF('Data Summary'!A106="","",'Data - Sample Type 0'!Q83),"") -> 23.9 | O84: =ROUND(AVERAGE(O3:O82),1) -> 26.1 | P84: =ROUND(AVERAGE(P3:P82),1) -> 23.8 | Q84: =ROUND(AVERAGE(Q3:Q82),1) -> 24.7 | R84: =ROUND(AVERAGE(R3:R82),1) -> 22.4
H85: =IF('Data Summary'!C107="PASS",IF('Data - Sample Type 0'!AE84=0,40,'Data - Sample Type 0'!AE84),"") -> 40 | J85: =IF('Data Summary'!C107="PASS",IF('Data Summary'!A107="","",'Data - Sample Type 0'!Q84),"") -> 25 | O85: =IF(COUNTBLANK(O75:O82)<=6,IF(O84<=Specifications!$D$27,"PASS","FAIL"),"Not enough data") -> PASS | P85: =IF(COUNTBLANK(P75:P82)<=6,IF(P84<=Specifications!$E$27,"PASS","FAIL"),"Not enough data") -> PASS | Q85: =IF(COUNTBLANK(Q75:Q82)<=6,IF(Q84<=Specifications!$G$27,"PASS","FAIL"),"Not enough data") -> PASS | R85: =IF(COUNTBLANK(R75:R82)<=6,IF(R84<=Specifications!$K$27,"PASS","FAIL"),"Not enough data") -> PASS
G86: 9 | H86: =IF('Data Summary'!C108="PASS",IF('Data - Sample Type 0'!AE85=0,40,'Data - Sample Type 0'!AE85),"") -> 40 | J86: =IF('Data Summary'!C108="PASS",IF('Data Summary'!A108="","",'Data - Sample Type 0'!Q85),"") -> 26
H87: =IF('Data Summary'!C109="PASS",IF('Data - Sample Type 0'!AE86=0,40,'Data - Sample Type 0'!AE86),"") -> 40 | J87: =IF('Data Summary'!C109="PASS",IF('Data Summary'!A109="","",'Data - Sample Type 0'!Q86),"") -> 25
H88: =IF('Data Summary'!C110="PASS",IF('Data - Sample Type 0'!AE87=0,40,'Data - Sample Type 0'!AE87),"") -> 40 | I88: =IF(I83>=Specifications!$D$26,"PASS","FAIL") -> PASS | J88: =IF('Data Summary'!C110="PASS",IF('Data Summary'!A110="","",'Data - Sample Type 0'!Q87),"") -> 25 | K88: =IF(K83<=Specifications!$B$26,"PASS","FAIL") -> PASS
H89: =IF('Data Summary'!C111="PASS",IF('Data - Sample Type 0'!AE88=0,40,'Data - Sample Type 0'!AE88),"") -> 40 | J89: =IF('Data Summary'!C111="PASS",IF('Data Summary'!A111="","",'Data - Sample Type 0'!Q88),"") -> 23.8
H90: =IF('Data Summary'!C112="PASS",IF('Data - Sample Type 0'!AE89=0,40,'Data - Sample Type 0'!AE89),"") -> 40 | J90: =IF('Data Summary'!C112="PASS",IF('Data Summary'!A112="","",'Data - Sample Type 0'!Q89),"") -> 24.1
H91: =IF('Data Summary'!C113="PASS",IF('Data - Sample Type 0'!AE90=0,40,'Data - Sample Type 0'!AE90),"") -> 40 | J91: =IF('Data Summary'!C113="PASS",IF('Data Summary'!A113="","",'Data - Sample Type 0'!Q90),"") -> 24.4
H92: =IF('Data Summary'!C114="PASS",IF('Data - Sample Type 0'!AE91=0,40,'Data - Sample Type 0'!AE91),"") -> 40 | J92: =IF('Data Summary'!C114="PASS",IF('Data Summary'!A114="","",'Data - Sample Type 0'!Q91),"") -> 23.9
G93: 10 | H93: =IF('Data Summary'!C115="PASS",IF('Data - Sample Type 0'!AE92=0,40,'Data - Sample Type 0'!AE92),"") -> 40 | I93: =ROUND(AVERAGE(H93:H102),1) -> 40 | J93: =IF('Data Summary'!C115="PASS",IF('Data Summary'!A115="","",'Data - Sample Type 0'!Q92),"") -> 23.8 | K93: =ROUND(AVERAGE(J93:J102),1) -> 24.3
H94: =IF('Data Summary'!C116="PASS",IF('Data - Sample Type 0'!AE93=0,40,'Data - Sample Type 0'!AE93),"") -> 40 | J94: =IF('Data Summary'!C116="PASS",IF('Data Summary'!A116="","",'Data - Sample Type 0'!Q93),"") -> 24.6
H95: =IF('Data Summary'!C117="PASS",IF('Data - Sample Type 0'!AE94=0,40,'Data - Sample Type 0'!AE94),"") -> 40 | J95: =IF('Data Summary'!C117="PASS",IF('Data Summary'!A117="","",'Data - Sample Type 0'!Q94),"") -> 25.1
H96: =IF('Data Summary'!C118="PASS",IF('Data - Sample Type 0'!AE95=0,40,'Data - Sample Type 0'!AE95),"") -> 40 | J96: =IF('Data Summary'!C118="PASS",IF('Data Summary'!A118="","",'Data - Sample Type 0'!Q95),"") -> 24.4
G97: 10 | H97: =IF('Data Summary'!C119="PASS",IF('Data - Sample Type 0'!AE96=0,40,'Data - Sample Type 0'!AE96),"") -> 40 | J97: =IF('Data Summary'!C119="PASS",IF('Data Summary'!A119="","",'Data - Sample Type 0'!Q96),"") -> 23.9
H98: =IF('Data Summary'!C120="PASS",IF('Data - Sample Type 0'!AE97=0,40,'Data - Sample Type 0'!AE97),"") | I98: =IF(I93>=Specifications!$D$26,"PASS","FAIL") -> PASS | J98: =IF('Data Summary'!C120="PASS",IF('Data Summary'!A120="","",'Data - Sample Type 0'!Q97),"") | K98: =IF(K93<=Specifications!$B$26,"PASS","FAIL") -> PASS
H99: =IF('Data Summary'!C121="PASS",IF('Data - Sample Type 0'!AE98=0,40,'Data - Sample Type 0'!AE98),"") -> 40 | J99: =IF('Data Summary'!C121="PASS",IF('Data Summary'!A121="","",'Data - Sample Type 0'!Q98),"") -> 23.7
H100: =IF('Data Summary'!C122="PASS",IF('Data - Sample Type 0'!AE99=0,40,'Data - Sample Type 0'!AE99),"") -> 40 | J100: =IF('Data Summary'!C122="PASS",IF('Data Summary'!A122="","",'Data - Sample Type 0'!Q99),"") -> 26.4
...

Sheet Data - First 10
A1: Assay | B1: Assay Version | C1: Sample ID | D1: Cartridge S/N | E1: Reagent Lot ID | F1: Test Type | G1: Instrument S/N | H1: Module S/N | I1: S/W Version | J1: Start Time | K1: Status | L1: Test Result | M1: Analyte Name | N1: Usage | O1: Target # | P1: Analyte Result | Q1: Ct | R1: EndPt | S1: Curve Fit | T1: Target Delta Ct | U1: Prb Chk 1 | V1: Prb Chk 2 | W1: Prb Chk 3 | X1: Probe Check Result | Y1: 2nd Deriv Peak Height | Z1: Cycles | AA1: Analyte Name | AB1: Usage | AC1: Target # | AD1: Analyte Result | AE1: Ct | AF1: EndPt | AG1: Curve Fit | AH1: Target Delta Ct | AI1: Prb Chk 1 | AJ1: Prb Chk 2 | AK1: Prb Chk 3 | AL1: Probe Check Result | AM1: 2nd Deriv Peak Height | AN1: Cycles | AO1: Analyte Name | AP1: Usage | AQ1: Target # | AR1: Analyte Result | AS1: Ct | AT1: EndPt | AU1: Curve Fit | AV1: Target Delta Ct | AW1: Prb Chk 1 | AX1: Prb Chk 2 | AY1: Prb Chk 3 | AZ1: Probe Check Result | BA1: 2nd Deriv Peak Height | BB1: Cycles | BC1: Analyte Name | BD1: Usage | BE1: Target # | BF1: Analyte Result | BG1: Ct | BH1: EndPt | BI1: Curve Fit | BJ1: Target Delta Ct | BK1: Prb Chk 1 | BL1: Prb Chk 2 | BM1: Prb Chk 3 | BN1: Probe Check Result | BO1: 2nd Deriv Peak Height | BP1: Cycles | BQ1: Analyte Name | BR1: Usage | BS1: Target # | BT1: Analyte Result | BU1: Ct | BV1: EndPt | BW1: Curve Fit | BX1: Target Delta Ct | BY1: Prb Chk 1 | BZ1: Prb Chk 2 | CA1: Prb Chk 3 | CB1: Probe Check Result | CC1: 2nd Deriv Peak Height | CD1: Cycles | CE1: Analyte Name | CF1: Usage | CG1: Target # | CH1: Analyte Result | CI1: Ct | CJ1: EndPt | CK1: Curve Fit | CL1: Target Delta Ct | CM1: Prb Chk 1 | CN1: Prb Chk 2 | CO1: Prb Chk 3 | CP1: Probe Check Result | CQ1: 2nd Deriv Peak Height | CR1: Cycles | CS1: Analyte Name | CT1: Usage | CU1: Prb Chk 1 | CV1: Prb Chk 2 | CW1: Prb Chk 3 | CX1: Probe Check Result | CY1: Analyte Name | CZ1: Usage | DA1: Prb Chk 1 | DB1: Prb Chk 2 | DC1: Prb Chk 3 | DD1: Probe Check Result | DE1: Analyte Name | DF1: Usage | DG1: Prb Chk 1 | DH1: Prb Chk 2 | DI1: Prb Chk 3 | DJ1: Probe Check Result | DK1: Melt Peak Temperature | DL1: Melt Peak Height | DM1: Analyte Name | DN1: Usage | DO1: Prb Chk 1 | DP1: Prb Chk 2 | DQ1: Prb Chk 3 | DR1: Probe Check Result | DS1: Melt Peak Temperature | DT1: Melt Peak Height | DU1: Analyte Name | DV1: Usage | DW1: Prb Chk 1 | DX1: Prb Chk 2 | DY1: Prb Chk 3 | DZ1: Probe Check Result | EA1: Melt Peak Temperature | EB1: Melt Peak Height | EC1: Analyte Name | ED1: Usage | EE1: Prb Chk 1 | EF1: Prb Chk 2 | EG1: Prb Chk 3 | EH1: Probe Check Result | EI1: Melt Peak Temperature | EJ1: Melt Peak Height | EK1: Analyte Name | EL1: Usage | EM1: Prb Chk 1 | EN1: Prb Chk 2 | EO1: Prb Chk 3 | EP1: Probe Check Result | EQ1: Melt Peak Temperature | ER1: Melt Peak Height | ES1: Analyte Name | ET1: Usage | EU1: Prb Chk 1 | EV1: Prb Chk 2 | EW1: Prb Chk 3 | EX1: Probe Check Result | EY1: Melt Peak Temperature | EZ1: Melt Peak Height | FA1: Analyte Name | FB1: Usage | FC1: Prb Chk 1 | FD1: Prb Chk 2 | FE1: Prb Chk 3 | FF1: Probe Check Result | FG1: Melt Peak Temperature | FH1: Melt Peak Height | FI1: Analyte Name | FJ1: Usage | FK1: Prb Chk 1 | FL1: Prb Chk 2 | FM1: Prb Chk 3 | FN1: Probe Check Result | FO1: Melt Peak Temperature | FP1: Melt Peak Height | FQ1: Analyte Name | FR1: Usage | FS1: Prb Chk 1 | FT1: Prb Chk 2 | FU1: Prb Chk 3 | FV1: Probe Check Result | FW1: Melt Peak Temperature | FX1: Melt Peak Height | FY1: Max Pressure (PSI) | FZ1: Min Pressure (PSI) | GA1: Error | GB1: Patient ID | GC1: Quantitative Value | GD1: Quantitative Unit | GE1: Interpretation Flag | GF1: User
A2: Xpert MTB-RIF Ultra | B2: 4 | C2: NEG_00_0_01X | D2: 614332136 | E2: 92303 | F2: Negative Control 1 | G2: 803094 | H2: 730647 | I2: 6.8 | J2: 2025-10-26T01:27:08+0200 | K2: Done | L2: MTB NOT DETECTED | M2: SPC | N2: SPC | O2: 1,2,3,4 | P2: PASS | Q2: 24.3 | R2: 147 | S2: PASS | T2: -9999 | U2: 226 | V2: 496 | W2: 219 | X2: PASS | Y2: 0 | Z2: 40 | AA2: IS1081-IS6110 | AB2: IC | AC2: 1,2,3,4 | AD2: FAIL | AE2: 0 | AF2: 5 | AG2: NA | AH2: -9999 | AI2: 223 | AJ2: 527 | AK2: 219 | AL2: PASS | AM2: 0 | AN2: 40 | AO2: rpoB1 | AP2: Target | AQ2: 1 | AR2: INVALID | AS2: 0 | AT2: 1 | AU2: NA | AV2: -9999 | AW2: 281 | AX2: 693 | AY2: 277 | AZ2: PASS | BA2: 0 | BB2: 40 | BC2: rpoB2 | BD2: Target | BE2: 2 | BF2: INVALID | BG2: 0 | BH2: 0 | BI2: NA | BJ2: -9999 | BK2: 114 | BL2: 346 | BM2: 112 | BN2: PASS | BO2: 0 | BP2: 40 | BQ2: rpoB3 | BR2: Target | BS2: 3 | BT2: INVALID | BU2: 0 | BV2: 7 | BW2: NA | BX2: -9999 | BY2: 191 | BZ2: 457 | CA2: 191 | CB2: PASS | CC2: 0 | CD2: 40 | CE2: rpoB4 | CF2: Target | CG2: 4 | CH2: INVALID | CI2: 0 | CJ2: 4 | CK2: NA | CL2: -9999 | CM2: 153 | CN2: 403 | CO2: 150 | CP2: PASS | CQ2: 0 | CR2: 40 | CS2: QC1 | CT2: Probe | CU2: 125 | CV2: 124 | CW2: 124 | CX2: PASS | CY2: QC2 | CZ2: Probe | DA2: 129 | DB2: 129 | DC2: 128 | DD2: PASS | DE2: rpoB1 melt | DF2: Melt Target | DG2: 0 | DH2: 0 | DI2: 0 | DJ2: NA | DM2: rpoB2 melt | DN2: Melt Target | DO2: 0 | DP2: 0 | DQ2: 0 | DR2: NA | DU2: rpoB3 melt | DV2: Melt Target | DW2: 0 | DX2: 0 | DY2: 0 | DZ2: NA | EC2: rpoB4 melt | ED2: Melt Target | EE2: 0 | EF2: 0 | EG2: 0 | EH2: NA | EK2: rpoB1 Mut melt | EL2: Melt Target | EM2: 0 | EN2: 0 | EO2: 0 | EP2: NA | ES2: rpoB2 Mut melt | ET2: Melt Target | EU2: 0 | EV2: 0 | EW2: 0 | EX2: NA | FA2: rpoB3 Mut melt | FB2: Melt Target | FC2: 0 | FD2: 0 | FE2: 0 | FF2: NA | FI2: rpoB4 Mut melt A | FJ2: Melt Target | FK2: 0 | FL2: 0 | FM2: 0 | FN2: NA | FQ2: rpoB4 Mut melt B | FR2: Melt Target | FS2: 0 | FT2: 0 | FU2: 0 | FV2: NA | FY2: 18.9 | FZ2: -7.5 | GF2: <None>
A3: Xpert MTB-RIF Ultra | B3: 4 | C3: NEG_00_0_02X | D3: 614332146 | E3: 92303 | F3: Negative Control 1 | G3: 803094 | H3: 773527 | I3: 6.8 | J3: 2025-10-26T01:27:35+0200 | K3: Done | L3: MTB NOT DETECTED | M3: SPC | N3: SPC | O3: 1,2,3,4 | P3: PASS | Q3: 24.3 | R3: 151 | S3: PASS | T3: -9999 | U3: 213 | V3: 475 | W3: 208 | X3: PASS | Y3: 0 | Z3: 40 | AA3: IS1081-IS6110 | AB3: IC | AC3: 1,2,3,4 | AD3: FAIL | AE3: 0 | AF3: 8 | AG3: NA | AH3: -9999 | AI3: 213 | AJ3: 506 | AK3: 211 | AL3: PASS | AM3: 0 | AN3: 40 | AO3: rpoB1 | AP3: Target | AQ3: 1 | AR3: INVALID | AS3: 0 | AT3: 9 | AU3: NA | AV3: -9999 | AW3: 271 | AX3: 679 | AY3: 270 | AZ3: PASS | BA3: 0 | BB3: 40 | BC3: rpoB2 | BD3: Target | BE3: 2 | BF3: INVALID | BG3: 0 | BH3: 4 | BI3: NA | BJ3: -9999 | BK3: 104 | BL3: 320 | BM3: 103 | BN3: PASS | BO3: 0 | BP3: 40 | BQ3: rpoB3 | BR3: Target | BS3: 3 | BT3: INVALID | BU3: 0 | BV3: 6 | BW3: NA | BX3: -9999 | BY3: 197 | BZ3: 469 | CA3: 196 | CB3: PASS | CC3: 0 | CD3: 40 | CE3: rpoB4 | CF3: Target | CG3: 4 | CH3: INVALID | CI3: 0 | CJ3: 4 | CK3: NA | CL3: -9999 | CM3: 150 | CN3: 394 | CO3: 147 | CP3: PASS | CQ3: 0 | CR3: 40 | CS3: QC1 | CT3: Probe | CU3: 120 | CV3: 119 | CW3: 119 | CX3: PASS | CY3: QC2 | CZ3: Probe | DA3: 122 | DB3: 122 | DC3: 122 | DD3: PASS | DE3: rpoB1 melt | DF3: Melt Target | DG3: 0 | DH3: 0 | DI3: 0 | DJ3: NA | DM3: rpoB2 melt | DN3: Melt Target | DO3: 0 | DP3: 0 | DQ3: 0 | DR3: NA | DU3: rpoB3 melt | DV3: Melt Target | DW3: 0 | DX3: 0 | DY3: 0 | DZ3: NA | EC3: rpoB4 melt | ED3: Melt Target | EE3: 0 | EF3: 0 | EG3: 0 | EH3: NA | EK3: rpoB1 Mut melt | EL3: Melt Target | EM3: 0 | EN3: 0 | EO3: 0 | EP3: NA | ES3: rpoB2 Mut melt | ET3: Melt Target | EU3: 0 | EV3: 0 | EW3: 0 | EX3: NA | FA3: rpoB3 Mut melt | FB3: Melt Target | FC3: 0 | FD3: 0 | FE3: 0 | FF3: NA | FI3: rpoB4 Mut melt A | FJ3: Melt Target | FK3: 0 | FL3: 0 | FM3: 0 | FN3: NA | FQ3: rpoB4 Mut melt B | FR3: Melt Target | FS3: 0 | FT3: 0 | FU3: 0 | FV3: NA | FY3: 19 | FZ3: -6.7 | GF3: <None>
A4: Xpert MTB-RIF Ultra | B4: 4 | C4: NEG_00_0_03X | D4: 614332148 | E4: 92303 | F4: Negative Control 1 | G4: 803094 | H4: 210043140 | I4: 6.8 | J4: 2025-10-26T01:28:05+0200 | K4: Done | L4: MTB NOT DETECTED | M4: SPC | N4: SPC | O4: 1,2,3,4 | P4: PASS | Q4: 24.5 | R4: 151 | S4: PASS | T4: -9999 | U4: 215 | V4: 466 | W4: 208 | X4: PASS | Y4: 0 | Z4: 40 | AA4: IS1081-IS6110 | AB4: IC | AC4: 1,2,3,4 | AD4: FAIL | AE4: 0 | AF4: 6 | AG4: NA | AH4: -9999 | AI4: 204 | AJ4: 486 | AK4: 201 | AL4: PASS | AM4: 0 | AN4: 40 | AO4: rpoB1 | AP4: Target | AQ4: 1 | AR4: INVALID | AS4: 0 | AT4: 0 | AU4: NA | AV4: -9999 | AW4: 284 | AX4: 695 | AY4: 281 | AZ4: PASS | BA4: 0 | BB4: 40 | BC4: rpoB2 | BD4: Target | BE4: 2 | BF4: INVALID | BG4: 0 | BH4: 0 | BI4: NA | BJ4: -9999 | BK4: 105 | BL4: 331 | BM4: 102 | BN4: PASS | BO4: 0 | BP4: 40 | BQ4: rpoB3 | BR4: Target | BS4: 3 | BT4: INVALID | BU4: 0 | BV4: 7 | BW4: NA | BX4: -9999 | BY4: 180 | BZ4: 429 | CA4: 179 | CB4: PASS | CC4: 0 | CD4: 40 | CE4: rpoB4 | CF4: Target | CG4: 4 | CH4: INVALID | CI4: 0 | CJ4: 9 | CK4: NA | CL4: -9999 | CM4: 141 | CN4: 366 | CO4: 139 | CP4: PASS | CQ4: 0 | CR4: 40 | CS4: QC1 | CT4: Probe | CU4: 119 | CV4: 119 | CW4: 118 | CX4: PASS | CY4: QC2 | CZ4: Probe | DA4: 118 | DB4: 117 | DC4: 117 | DD4: PASS | DE4: rpoB1 melt | DF4: Melt Target | DG4: 0 | DH4: 0 | DI4: 0 | DJ4: NA | DM4: rpoB2 melt | DN4: Melt Target | DO4: 0 | DP4: 0 | DQ4: 0 | DR4: NA | DU4: rpoB3 melt | DV4: Melt Target | DW4: 0 | DX4: 0 | DY4: 0 | DZ4: NA | EC4: rpoB4 melt | ED4: Melt Target | EE4: 0 | EF4: 0 | EG4: 0 | EH4: NA | EK4: rpoB1 Mut melt | EL4: Melt Target | EM4: 0 | EN4: 0 | EO4: 0 | EP4: NA | ES4: rpoB2 Mut melt | ET4: Melt Target | EU4: 0 | EV4: 0 | EW4: 0 | EX4: NA | FA4: rpoB3 Mut melt | FB4: Melt Target | FC4: 0 | FD4: 0 | FE4: 0 | FF4: NA | FI4: rpoB4 Mut melt A | FJ4: Melt Target | FK4: 0 | FL4: 0 | FM4: 0 | FN4: NA | FQ4: rpoB4 Mut melt B | FR4: Melt Target | FS4: 0 | FT4: 0 | FU4: 0 | FV4: NA | FY4: 19.4 | FZ4: -7.7 | GF4: <None>
A5: Xpert MTB-RIF Ultra | B5: 4 | C5: NEG_00_0_04X | D5: 614332134 | E5: 92303 | F5: Negative Control 1 | G5: 803094 | H5: 909441 | I5: 6.8 | J5: 2025-10-26T01:28:32+0200 | K5: Done | L5: MTB NOT DETECTED | M5: SPC | N5: SPC | O5: 1,2,3,4 | P5: PASS | Q5: 23.2 | R5: 158 | S5: PASS | T5: -9999 | U5: 181 | V5: 377 | W5: 172 | X5: PASS | Y5: 0 | Z5: 40 | AA5: IS1081-IS6110 | AB5: IC | AC5: 1,2,3,4 | AD5: FAIL | AE5: 0 | AF5: 8 | AG5: NA | AH5: -9999 | AI5: 183 | AJ5: 438 | AK5: 180 | AL5: PASS | AM5: 0 | AN5: 40 | AO5: rpoB1 | AP5: Target | AQ5: 1 | AR5: INVALID | AS5: 0 | AT5: 2 | AU5: NA | AV5: -9999 | AW5: 246 | AX5: 611 | AY5: 244 | AZ5: PASS | BA5: 0 | BB5: 40 | BC5: rpoB2 | BD5: Target | BE5: 2 | BF5: INVALID | BG5: 0 | BH5: 7 | BI5: NA | BJ5: -9999 | BK5: 95 | BL5: 302 | BM5: 93 | BN5: PASS | BO5: 0 | BP5: 40 | BQ5: rpoB3 | BR5: Target | BS5: 3 | BT5: INVALID | BU5: 0 | BV5: 11 | BW5: NA | BX5: -9999 | BY5: 162 | BZ5: 367 | CA5: 161 | CB5: PASS | CC5: 0 | CD5: 40 | CE5: rpoB4 | CF5: Target | CG5: 4 | CH5: INVALID | CI5: 0 | CJ5: 9 | CK5: NA | CL5: -9999 | CM5: 116 | CN5: 304 | CO5: 114 | CP5: PASS | CQ5: 0 | CR5: 40 | CS5: QC1 | CT5: Probe | CU5: 103 | CV5: 102 | CW5: 102 | CX5: PASS | CY5: QC2 | CZ5: Probe | DA5: 114 | DB5: 114 | DC5: 114 | DD5: PASS | DE5: rpoB1 melt | DF5: Melt Target | DG5: 0 | DH5: 0 | DI5: 0 | DJ5: NA | DM5: rpoB2 melt | DN5: Melt Target | DO5: 0 | DP5: 0 | DQ5: 0 | DR5: NA | DU5: rpoB3 melt | DV5: Melt Target | DW5: 0 | DX5: 0 | DY5: 0 | DZ5: NA | EC5: rpoB4 melt | ED5: Melt Target | EE5: 0 | EF5: 0 | EG5: 0 | EH5: NA | EK5: rpoB1 Mut melt | EL5: Melt Target | EM5: 0 | EN5: 0 | EO5: 0 | EP5: NA | ES5: rpoB2 Mut melt | ET5: Melt Target | EU5: 0 | EV5: 0 | EW5: 0 | EX5: NA | FA5: rpoB3 Mut melt | FB5: Melt Target | FC5: 0 | FD5: 0 | FE5: 0 | FF5: NA | FI5: rpoB4 Mut melt A | FJ5: Melt Target | FK5: 0 | FL5: 0 | FM5: 0 | FN5: NA | FQ5: rpoB4 Mut melt B | FR5: Melt Target | FS5: 0 | FT5: 0 | FU5: 0 | FV5: NA | FY5: 17.5 | FZ5: -5.8 | GF5: <None>
A6: Xpert MTB-RIF Ultra | B6: 4 | C6: NEG_00_0_05X | D6: 614332132 | E6: 92303 | F6: Negative Control 1 | G6: 803094 | H6: 880243 | I6: 6.8 | J6: 2025-10-26T01:29:09+0200 | K6: Done | L6: MTB NOT DETECTED | M6: SPC | N6: SPC | O6: 1,2,3,4 | P6: PASS | Q6: 21.6 | R6: 177 | S6: PASS | T6: -9999 | U6: 212 | V6: 483 | W6: 207 | X6: PASS | Y6: 0 | Z6: 40 | AA6: IS1081-IS6110 | AB6: IC | AC6: 1,2,3,4 | AD6: FAIL | AE6: 0 | AF6: 9 | AG6: NA | AH6: -9999 | AI6: 205 | AJ6: 490 | AK6: 202 | AL6: PASS | AM6: 0 | AN6: 40 | AO6: rpoB1 | AP6: Target | AQ6: 1 | AR6: INVALID | AS6: 0 | AT6: 25 | AU6: NA | AV6: -9999 | AW6: 287 | AX6: 717 | AY6: 283 | AZ6: PASS | BA6: 0 | BB6: 40 | BC6: rpoB2 | BD6: Target | BE6: 2 | BF6: INVALID | BG6: 0 | BH6: 5 | BI6: NA | BJ6: -9999 | BK6: 100 | BL6: 322 | BM6: 99 | BN6: PASS | BO6: 0 | BP6: 40 | BQ6: rpoB3 | BR6: Target | BS6: 3 | BT6: INVALID | BU6: 0 | BV6: 10 | BW6: NA | BX6: -9999 | BY6: 179 | BZ6: 415 | CA6: 177 | CB6: PASS | CC6: 0 | CD6: 40 | CE6: rpoB4 | CF6: Target | CG6: 4 | CH6: INVALID | CI6: 0 | CJ6: 10 | CK6: NA | CL6: -9999 | CM6: 118 | CN6: 312 | CO6: 117 | CP6: PASS | CQ6: 0 | CR6: 40 | CS6: QC1 | CT6: Probe | CU6: 126 | CV6: 125 | CW6: 125 | CX6: PASS | CY6: QC2 | CZ6: Probe | DA6: 129 | DB6: 129 | DC6: 129 | DD6: PASS | DE6: rpoB1 melt | DF6: Melt Target | DG6: 0 | DH6: 0 | DI6: 0 | DJ6: NA | DM6: rpoB2 melt | DN6: Melt Target | DO6: 0 | DP6: 0 | DQ6: 0 | DR6: NA | DU6: rpoB3 melt | DV6: Melt Target | DW6: 0 | DX6: 0 | DY6: 0 | DZ6: NA | EC6: rpoB4 melt | ED6: Melt Target | EE6: 0 | EF6: 0 | EG6: 0 | EH6: NA | EK6: rpoB1 Mut melt | EL6: Melt Target | EM6: 0 | EN6: 0 | EO6: 0 | EP6: NA | ES6: rpoB2 Mut melt | ET6: Melt Target | EU6: 0 | EV6: 0 | EW6: 0 | EX6: NA | FA6: rpoB3 Mut melt | FB6: Melt Target | FC6: 0 | FD6: 0 | FE6: 0 | FF6: NA | FI6: rpoB4 Mut melt A | FJ6: Melt Target | FK6: 0 | FL6: 0 | FM6: 0 | FN6: NA | FQ6: rpoB4 Mut melt B | FR6: Melt Target | FS6: 0 | FT6: 0 | FU6: 0 | FV6: NA | FY6: 14.8 | FZ6: -9.4 | GF6: <None>
